id,source,kind,title,short_description,support_type,application_url,region,published_at,application_start,application_deadline,deadline_status,deadline_evidence,source_url,activity_labels,activity_exclusions,activity_scope,activity_status,document_count
849,ivanovo_official_selections,selection,Объявление о проведении отбора получателей субсидии,"Фермеры получают субсидию на поддержку элитного семеноводства путем участия в отборе, подробности которого описаны в документе.",Субсидия,https://apk.ivanovoobl.ru/deyatelnost/otbor-poluchateley-subsidiy/obyavleniya-o-provedenii-otbora-poluchateley-subsidiy/,Ивановская область,2026-09-28,2026-10-13,2026-10-23,no_deadline,[],https://apk.ivanovoobl.ru/deyatelnost/otbor-poluchateley-subsidiy/obyavleniya-o-provedenii-otbora-poluchateley-subsidiy/,семеноводство,,specific,needs_review,1
850,ivanovo_official_selections,selection,Объявление о проведении отбора получателей субсидии на поддержку многолетних насаждений,"Фермеры могут получить субсидию на поддержку многолетних насаждений путем участия в отборе. Участие доступно сельскохозяйственным товаропроизводителям, научным и образовательным организациям, производителям сельхозпродукции, при условии отсутствия финансирования аналогичных целей из федерального или регионального бюджетов.",Субсидия,https://apk.ivanovoobl.ru/deyatelnost/otbor-poluchateley-subsidiy/obyavleniya-o-provedenii-otbora-poluchateley-subsidiy/,Ивановская область,2026-09-28,2026-10-13,2026-10-23,no_deadline,[],https://apk.ivanovoobl.ru/deyatelnost/otbor-poluchateley-subsidiy/obyavleniya-o-provedenii-otbora-poluchateley-subsidiy/,плодовые культуры,,specific,needs_review,1
65,ivanovo_official_selections,selection,"Объявление о проведении отбора получателей субсидий К(Ф)Х или ИП, основным видом деятельности которых являетсяпроизводство и (или) переработка сельскохозяйственной продукции, на возмещение частизатрат на сертификацию производимой ими продукции",Фермерские хозяйства и индивидуальные предприниматели получают субсидию на возмещение части затрат на сертификацию произведённой ими сельскохозяйственной продукции.,Субсидия,https://apk.ivanovoobl.ru/deyatelnost/otbor-poluchateley-subsidiy/obyavleniya-o-provedenii-otbora-poluchateley-subsidiy/,Ивановская область,2026-09-25,2026-09-26,2026-10-06,found,"[{'chunk': 1, 'quote': 'Срок приема заявок 26.09.2026 10:29 - 06.10.2026 10:29 (МСК)', 'start': None, 'source': 'https://apk.ivanovoobl.ru/upload/medialibrary/9d6/lxq6u7nn1x0z90hnhu0phqzjsmerv9wt/Объявление%20об%20отборе%20(5).pdf', 'deadline': '2026-10-06'}]",https://apk.ivanovoobl.ru/deyatelnost/otbor-poluchateley-subsidiy/obyavleniya-o-provedenii-otbora-poluchateley-subsidiy/,переработка сельхозпродукции,,specific,needs_review,1
66,ivanovo_official_selections,selection,Объявление опроведении отбора получателей с,Фермеры получают субсидии на химическую мелиорацию земель для восстановления плодородия пашни.,Субсидия,https://apk.ivanovoobl.ru/deyatelnost/otbor-poluchateley-subsidiy/obyavleniya-o-provedenii-otbora-poluchateley-subsidiy/,Ивановская область,2026-09-22,2026-09-23,2026-10-03,no_deadline,[],https://apk.ivanovoobl.ru/deyatelnost/otbor-poluchateley-subsidiy/obyavleniya-o-provedenii-otbora-poluchateley-subsidiy/,,,unknown,needs_review,1
67,ivanovo_official_selections,selection,Объявление о проведении отбора получателей субсидий на проведение культуртехнических мероприятий,Финансируются культуртехнические мероприятия для фермеров и сельхозорганизаций с целью повышения плодородия земель.,Субсидия,https://apk.ivanovoobl.ru/deyatelnost/otbor-poluchateley-subsidiy/obyavleniya-o-provedenii-otbora-poluchateley-subsidiy/,Ивановская область,2026-09-21,2026-09-22,2026-10-02,found,"[{'chunk': 1, 'quote': 'Срок приема заявок 22.09.2026 09:00 - 02.10.2026 17:00 (МСК)', 'start': None, 'source': 'https://apk.ivanovoobl.ru/upload/medialibrary/c1b/654m626sqhuv59uvn5ly18s07ifxjvyl/Отбор_26-010-R5980-2-0328.pdf', 'deadline': '2026-10-02'}]",https://apk.ivanovoobl.ru/deyatelnost/otbor-poluchateley-subsidiy/obyavleniya-o-provedenii-otbora-poluchateley-subsidiy/,,,unknown,needs_review,1
68,ivanovo_official_selections,selection,Объявление о проведении отбора получателей субсидий на п,"Финансируется отбор получателей субсидий для специалистов агропромышленного комплекса, учителей и создания агротехнологических классов в сельских школах.",Субсидия,https://apk.ivanovoobl.ru/deyatelnost/otbor-poluchateley-subsidiy/obyavleniya-o-provedenii-otbora-poluchateley-subsidiy/,Ивановская область,2026-09-15,2026-09-17,2026-09-27,no_deadline,[],https://apk.ivanovoobl.ru/deyatelnost/otbor-poluchateley-subsidiy/obyavleniya-o-provedenii-otbora-poluchateley-subsidiy/,,,unknown,needs_review,1
69,ivanovo_official_selections,selection,"о проведении конкурсного отбора муниципальных образований Ивановской области на участие в мероприятии по предоставлению в 2027 году субсидий бюджетам муниципальных образований Ивановской области на разработку (корректировку) проектной документации объектов социальной и инженерной инфраструктур населенных пунктов, расположенных в сельской местности государственной программы Ивановской области «Комплексное развитие сельских территорий Ивановской области», утвержденной постановлением Правительства Ивановской области от 02.02.2023 № 57-п",Финансируется разработка или корректировка проектной документации объектов социальной и инженерной инфраструктур населенных пунктов в сельской местности Ивановской области.,Субсидия,https://apk.ivanovoobl.ru/deyatelnost/otbor-poluchateley-subsidiy/obyavleniya-o-provedenii-otbora-poluchateley-subsidiy/,Ивановская область,2026-09-15,,,no_deadline,[],https://apk.ivanovoobl.ru/deyatelnost/otbor-poluchateley-subsidiy/obyavleniya-o-provedenii-otbora-poluchateley-subsidiy/,,,unknown,needs_review,1
70,ivanovo_official_selections,selection,Объявление о проведении отбора получателей с,Сельскохозяйственные товаропроизводители получают субсидии на оплату труда и проживание студентов агровузов при условии заключения договоров с образовательными организациями и достижения установленных показателей.,Субсидия,https://apk.ivanovoobl.ru/deyatelnost/otbor-poluchateley-subsidiy/obyavleniya-o-provedenii-otbora-poluchateley-subsidiy/,Ивановская область,2026-09-09,2026-09-14,2026-09-24,found,"[{'chunk': 1, 'quote': 'Срок приема заявок 14.09.2026 00:00 - 24.09.2026 23:59 (МСК)', 'start': '2026-09-14', 'source': 'https://apk.ivanovoobl.ru/upload/medialibrary/384/swzfvt0xnp0andbydb6tw74zsqc86nhk/ОбъявлениеПодписанное.pdf', 'deadline': '2026-09-24'}]",https://apk.ivanovoobl.ru/deyatelnost/otbor-poluchateley-subsidiy/obyavleniya-o-provedenii-otbora-poluchateley-subsidiy/,лён,,specific,needs_review,1
71,ivanovo_official_selections,selection,Объявление о проведении отбора получателей субсидий на компенсацию части затрат на приобретение сельскохозяйственной техники и технологического оборудования,Фермеры могут получить субсидию на компенсацию части затрат на приобретение сельскохозяйственной техники и технологического оборудования.,Субсидия,https://apk.ivanovoobl.ru/deyatelnost/otbor-poluchateley-subsidiy/obyavleniya-o-provedenii-otbora-poluchateley-subsidiy/,Ивановская область,2026-09-08,2026-09-09,2026-09-19,no_deadline,[],https://apk.ivanovoobl.ru/deyatelnost/otbor-poluchateley-subsidiy/obyavleniya-o-provedenii-otbora-poluchateley-subsidiy/,,,unknown,needs_review,1
72,ivanovo_official_selections,selection,"Объявление о проведении отбора получателей субсидий на компенсацию части затрат на приобретение сельскохозяйственной техники и технологического оборудования, в том числе по договорам финансовой аренды (лизинга), за исключением затрат, направленных на реализацию инвестиционных проектов","Фермеры могут получить субсидию на компенсацию части затрат на приобретение сельскохозяйственной техники и оборудования, включая лизинг, за исключением финансирования инвестиционных проектов.",Субсидия,https://apk.ivanovoobl.ru/deyatelnost/otbor-poluchateley-subsidiy/obyavleniya-o-provedenii-otbora-poluchateley-subsidiy/,Ивановская область,2026-09-04,2026-09-05,2026-09-15,no_deadline,[],https://apk.ivanovoobl.ru/deyatelnost/otbor-poluchateley-subsidiy/obyavleniya-o-provedenii-otbora-poluchateley-subsidiy/,,,unknown,needs_review,1
73,ivanovo_official_selections,selection,Объявление о проведении отбора получателей субсидий на поддержку элитного семеноводства,"Фермеры и организации АПК могут получить субсидии на поддержку элитного семеноводства, при условии отсутствия просроченной задолженности за водоснабжение.",Субсидия,https://apk.ivanovoobl.ru/deyatelnost/otbor-poluchateley-subsidiy/obyavleniya-o-provedenii-otbora-poluchateley-subsidiy/,Ивановская область,2026-08-24,2026-09-01,2026-09-11,found,"[{'chunk': 1, 'quote': 'Срок приема заявок 01.09.2026 18:00 - 11.09.2026 18:00 (МСК)', 'start': None, 'source': 'https://apk.ivanovoobl.ru/upload/medialibrary/9ea/rmkfgo3ldbwls19g6omu020pr1ew5urp/Объявление%20о%20проведении%20отбора%20субсидии%20на%20поддержку%20элитного%20семеноводства%20(2).pdf', 'deadline': '2026-09-11'}]",https://apk.ivanovoobl.ru/deyatelnost/otbor-poluchateley-subsidiy/obyavleniya-o-provedenii-otbora-poluchateley-subsidiy/,семеноводство,,specific,needs_review,1
74,ivanovo_official_selections,selection,"Объявление о проведении отбора получателей субсидий на поддержку элитного семеноводства (элитных и (или) оригинальных семянкартофеля и (или) овощных культур, включая гибриды овощных культур)",Предусмотрена финансовая поддержка элитного семеноводства картофеля и овощных культур путем предоставления субсидий сельскохозяйственным товаропроизводителям Ивановской области.,Субсидия,https://apk.ivanovoobl.ru/deyatelnost/otbor-poluchateley-subsidiy/obyavleniya-o-provedenii-otbora-poluchateley-subsidiy/,Ивановская область,2026-08-24,2026-09-01,2026-09-11,no_deadline,[],https://apk.ivanovoobl.ru/deyatelnost/otbor-poluchateley-subsidiy/obyavleniya-o-provedenii-otbora-poluchateley-subsidiy/,"картофель, овощи, растениеводство, семеноводство",,specific,needs_review,1
75,ivanovo_official_selections,selection,Объявление о проведении отбора получателей с,Финансируется часть затрат сельскохозяйственных товаропроизводителей Ивановской области на уплату страховой премии по договорам сельскохозяйственного страхования.,Субсидия,https://apk.ivanovoobl.ru/deyatelnost/otbor-poluchateley-subsidiy/obyavleniya-o-provedenii-otbora-poluchateley-subsidiy/,Ивановская область,2026-08-14,2026-08-14,2026-08-24,found,"[{'chunk': 1, 'quote': 'Срок приема заявок 14.08.2026 11:00 - 24.08.2026 11:00 (МСК)', 'start': None, 'source': 'https://apk.ivanovoobl.ru/upload/medialibrary/bc8/x6l8pb4u827yxaj713snzljdj6g83v98/26-010-R5015-2-0249%20жив-во%20август.pdf', 'deadline': '2026-08-24'}]",https://apk.ivanovoobl.ru/deyatelnost/otbor-poluchateley-subsidiy/obyavleniya-o-provedenii-otbora-poluchateley-subsidiy/,животноводство,,specific,needs_review,1
76,ivanovo_official_selections,selection,Объявление о проведении отбора получателей с,"Субсидии предоставляются фермерам для компенсации затрат на покупку племенного молодняка, семени племенных быков и других племенных ресурсов.",Субсидия,https://apk.ivanovoobl.ru/deyatelnost/otbor-poluchateley-subsidiy/obyavleniya-o-provedenii-otbora-poluchateley-subsidiy/,Ивановская область,2026-08-12,2026-08-13,2026-08-23,no_deadline,[],https://apk.ivanovoobl.ru/deyatelnost/otbor-poluchateley-subsidiy/obyavleniya-o-provedenii-otbora-poluchateley-subsidiy/,"животноводство, племенное животноводство, пчеловодство",,specific,needs_review,1
77,ivanovo_official_selections,selection,Объявление о проведении отбора получателей гранта,Фермеры и сельскохозяйственные кооперативы Ивановской области могут получить гранты на развитие хозяйств и кооперативов при наличии софинансирования и соблюдении условий сохранения рабочих мест и роста продаж.,Грант,https://apk.ivanovoobl.ru/deyatelnost/otbor-poluchateley-subsidiy/obyavleniya-o-provedenii-otbora-poluchateley-subsidiy/,Ивановская область,2026-08-10,2026-08-11,2026-09-09,found,"[{'chunk': 2, 'quote': 'Срок приема заявок 11.08.2026 00:00 - 09.09.2026 23:59 (МСК)', 'start': '2026-08-11', 'source': 'https://apk.ivanovoobl.ru/upload/medialibrary/873/1ejonzwnfptbobc0qh3d32j33l38ear3/Объявление%20об%20отборе.pdf', 'deadline': '2026-09-09'}]",https://apk.ivanovoobl.ru/deyatelnost/otbor-poluchateley-subsidiy/obyavleniya-o-provedenii-otbora-poluchateley-subsidiy/,,,unknown,needs_review,1
78,ivanovo_official_selections,selection,"Объявление о проведении отбора получателей субсидий на возмещение части затрат, понесенных сельскохозяйственным потребительским кооперативом в рамках поддержки приоритетных направлений малого агробизнеса","Сельскохозяйственный потребительский кооператив может получить субсидию на возмещение части затрат на приобретение техники, оборудования, аренду, а также закупку продукции и пищевых лесных ресурсов у членов кооператива.",Субсидия,https://apk.ivanovoobl.ru/deyatelnost/otbor-poluchateley-subsidiy/obyavleniya-o-provedenii-otbora-poluchateley-subsidiy/,Ивановская область,2026-08-03,2026-08-04,2026-08-13,no_deadline,[],https://apk.ivanovoobl.ru/deyatelnost/otbor-poluchateley-subsidiy/obyavleniya-o-provedenii-otbora-poluchateley-subsidiy/,животноводство,,specific,needs_review,1
79,ivanovo_official_selections,selection,"Объявление о проведении отбора получателей субсидий на компенсацию части затрат на приобретение сельскохозяйственной техники и технологического оборудования, в том числе по договорам финансовой аренды (лизинга), за исключением затрат, направленных на реализацию инвестиционных проектов","Фермеры могут получить субсидию на компенсацию части затрат на приобретение сельскохозяйственной техники и оборудования, включая лизинг, за исключением финансирования инвестиционных проектов.",Субсидия,https://apk.ivanovoobl.ru/deyatelnost/otbor-poluchateley-subsidiy/obyavleniya-o-provedenii-otbora-poluchateley-subsidiy/,Ивановская область,2026-07-27,2026-07-27,2026-08-06,no_deadline,[],https://apk.ivanovoobl.ru/deyatelnost/otbor-poluchateley-subsidiy/obyavleniya-o-provedenii-otbora-poluchateley-subsidiy/,,,all,needs_review,1
80,ivanovo_official_selections,selection,Объявление о проведении отбора получателей субсидий,"Фермерские хозяйства могут получить субсидии на возмещение части затрат, максимальная сумма — 20 млн рублей, доля компенсации — до 70% для производителей органической продукции. Необходимо привлечение софинансирования не менее 40%.",Субсидия,https://apk.ivanovoobl.ru/deyatelnost/otbor-poluchateley-subsidiy/obyavleniya-o-provedenii-otbora-poluchateley-subsidiy/,Ивановская область,2026-07-13,2026-07-14,2026-07-23,found,"[{'chunk': 3, 'quote': 'Срок приема заявок 14.07.2026 00:00 - 23.07.2026 23:59 (МСК)', 'start': '2026-07-14', 'source': 'https://apk.ivanovoobl.ru/upload/medialibrary/664/9vvd8pxoqftnb576k3lvc0fcxuconbv8/Объявление%20об%20отборе_субсидия%20КФХ.pdf', 'deadline': '2026-07-23'}]",https://apk.ivanovoobl.ru/deyatelnost/otbor-poluchateley-subsidiy/obyavleniya-o-provedenii-otbora-poluchateley-subsidiy/,,,unknown,needs_review,1
81,ivanovo_official_selections,selection,Объявление о проведении отбора получателей грантов на развитие фермерского хозяйства,"Фермеры из Ивановской области могут получить гранты на развитие своего хозяйства, зарегистрировавшись на сельской территории не менее 12 месяцев.",Грант,https://apk.ivanovoobl.ru/deyatelnost/otbor-poluchateley-subsidiy/obyavleniya-o-provedenii-otbora-poluchateley-subsidiy/,Ивановская область,2026-07-10,2026-07-10,2026-08-09,found,"[{'chunk': 2, 'quote': 'Срок приема заявок 10.07.2026 00:00 - 09.08.2026 23:59 (МСК)', 'start': '2026-07-10', 'source': 'https://apk.ivanovoobl.ru/upload/medialibrary/be7/z2eoajsk0gfw4k5r56hwb7jtsp8r1udc/Подписанная%20печатная%20форма%20объявления%20об%20отборе%20(1).pdf', 'deadline': '2026-08-09'}]",https://apk.ivanovoobl.ru/deyatelnost/otbor-poluchateley-subsidiy/obyavleniya-o-provedenii-otbora-poluchateley-subsidiy/,"птицеводство, растениеводство",,specific,needs_review,1
82,ivanovo_official_selections,selection,"Объявление о проведении отбора получателей субсидии на возмещение части затрат сельскохозяйственных товаропроизводителей на уплату страховой премии, начисленной по договорам сельскохозяйственного страхования (растениеводство)",Финансируется компенсация части затрат сельскохозяйственных товаропроизводителей на уплату страховой премии по договорам сельскохозяйственного страхования (растениеводство). Мера предназначена для товаропроизводителей Ивановской области.,Субсидия,https://apk.ivanovoobl.ru/deyatelnost/otbor-poluchateley-subsidiy/obyavleniya-o-provedenii-otbora-poluchateley-subsidiy/,Ивановская область,2026-07-01,2026-07-01,2026-07-11,needs_review,"[{'chunk': 1, 'quote': 'Срок приема заявок 01.07.2026 10:00 - 11.07.2026 10:00 (МСК)', 'start': '2026-07-01', 'source': 'https://apk.ivanovoobl.ru/upload/medialibrary/510/c567zms2sz2grvppplkzqgxcye9a2ek4/26-010-R5015-2-0223-%D1%8F%D1%80%D0%BE%D0%B2%D1%8B%D0%B5%20%D0%B8%D1%8E%D0%BB%D1%8C%202026.pdf', 'deadline': '2026-07-11'}, {'chunk': 2, 'quote': 'На этапе рассмотрения заявки при возврате на доработку до 20.07.2026 10:00', 'start': None, 'source': 'https://apk.ivanovoobl.ru/upload/medialibrary/510/c567zms2sz2grvppplkzqgxcye9a2ek4/26-010-R5015-2-0223-%D1%8F%D1%80%D0%BE%D0%B2%D1%8B%D0%B5%20%D0%B8%D1%8E%D0%BB%D1%8C%202026.pdf', 'deadline': '2026-07-20'}]",https://apk.ivanovoobl.ru/deyatelnost/otbor-poluchateley-subsidiy/obyavleniya-o-provedenii-otbora-poluchateley-subsidiy/,растениеводство,,specific,needs_review,1
83,ivanovo_official_selections,selection,Объявление о проведении отбора получателей субсидий на поддержку животноводства,"Фермеры могут получить субсидии на закупку племенного молодняка, семени племенных быков-производителей и другого племенного материала для развития животноводства.",Субсидия,https://apk.ivanovoobl.ru/deyatelnost/otbor-poluchateley-subsidiy/obyavleniya-o-provedenii-otbora-poluchateley-subsidiy/,Ивановская область,2026-06-25,2026-06-24,2026-07-04,no_deadline,[],https://apk.ivanovoobl.ru/deyatelnost/otbor-poluchateley-subsidiy/obyavleniya-o-provedenii-otbora-poluchateley-subsidiy/,животноводство,,specific,needs_review,1
84,ivanovo_official_selections,selection,Объявление о проведении отбора получателей субсидий на возмещение части затрат в целях предоставления выплат стимулирующего характера специалистам - участникам ключевого проекта в сфере агропромышленного комплекса и (или) учителям,Финансируется предоставление выплат стимулирующего характера специалистам-участникам ключевого проекта в агропромышленном комплексе и учителям.,Субсидия,https://apk.ivanovoobl.ru/deyatelnost/otbor-poluchateley-subsidiy/obyavleniya-o-provedenii-otbora-poluchateley-subsidiy/,Ивановская область,2026-06-17,,,needs_review,[],https://apk.ivanovoobl.ru/deyatelnost/otbor-poluchateley-subsidiy/obyavleniya-o-provedenii-otbora-poluchateley-subsidiy/,,,unknown,needs_review,1
85,ivanovo_official_selections,selection,Объявление о проведении отбора получателей субсидий на поддержку животноводства,"Фермеры могут получить субсидии на возмещение затрат, связанных с производством животноводческой продукции. Поддержка предоставляется юридическим лицам и ИП, ведущим деятельность в Ивановской области, путем отбора получателей субсидий.",Субсидия,https://apk.ivanovoobl.ru/deyatelnost/otbor-poluchateley-subsidiy/obyavleniya-o-provedenii-otbora-poluchateley-subsidiy/,Ивановская область,2026-06-15,2026-06-12,2026-06-22,found,"[{'chunk': 3, 'quote': 'Срок приема заявок 12.06.2026 11:36 - 22.06.2026 11:36 (МСК)', 'start': '2026-06-12', 'source': 'https://apk.ivanovoobl.ru/upload/medialibrary/3b9/irz4h1aqlgojfanx54ywiotirftk4v04/Объявление%20об%20отборе%20Подписанная%20печатная%20форма%20(1).pdf', 'deadline': '2026-06-22'}]",https://apk.ivanovoobl.ru/deyatelnost/otbor-poluchateley-subsidiy/obyavleniya-o-provedenii-otbora-poluchateley-subsidiy/,животноводство,,specific,needs_review,1
86,ivanovo_official_selections,selection,Объявление о проведении отбора получателей субсидий на поддержку животноводства,"Субсидии предоставляются сельскохозяйственным товаропроизводителям на возмещение затрат по приобретению племенного молодняка, семени племенных быков и рыбопосадочного материала.",Субсидия,https://apk.ivanovoobl.ru/deyatelnost/otbor-poluchateley-subsidiy/obyavleniya-o-provedenii-otbora-poluchateley-subsidiy/,Ивановская область,2026-06-08,2026-06-09,2026-06-19,found,"[{'chunk': 3, 'quote': 'Срок приема заявок 09.06.2026 00:00 - 19.06.2026 12:30 (МСК)', 'start': '2026-06-09', 'source': 'https://apk.ivanovoobl.ru/upload/medialibrary/777/0oqj8lsqf51xxyu7b46id5fbqfqqj93w/Объявление%20об%20отборе%200182%20Подписанная%20печатная%20форма.pdf', 'deadline': '2026-06-19'}]",https://apk.ivanovoobl.ru/deyatelnost/otbor-poluchateley-subsidiy/obyavleniya-o-provedenii-otbora-poluchateley-subsidiy/,"животноводство, племенное животноводство",,specific,needs_review,1
87,ivanovo_official_selections,selection,Объявление о проведении отбора получателей с,Субсидия предоставляется на возмещение затрат фермерским хозяйствам Ивановской области на приобретение племенных кобыл и жеребят владимирской породы.,Субсидия,https://apk.ivanovoobl.ru/deyatelnost/otbor-poluchateley-subsidiy/obyavleniya-o-provedenii-otbora-poluchateley-subsidiy/,Ивановская область,2026-06-04,2026-06-05,2026-06-15,no_deadline,[],https://apk.ivanovoobl.ru/deyatelnost/otbor-poluchateley-subsidiy/obyavleniya-o-provedenii-otbora-poluchateley-subsidiy/,"животноводство, коневодство",,specific,needs_review,1
88,ivanovo_official_selections,selection,"Извещение о проведении конкурсного отбора муниципальных образований Ивановской области на участие в мероприятии по предоставлению в 2026 году субсидий бюджетам муниципальных образований Ивановской области на разработку (корректировку) проектной документации объектов социальной и инженерной инфраструктур населенных пунктов, расположенных в сельской местности государственной программы Ивановской области «Комплексное развитие сельских территорий Ивановской области», утвержденной постановлением Правительства Ивановской области от 02.02.2023 № 57-п",Финансируется разработка или корректировка проектной документации объектов социальной и инженерной инфраструктуры для населенных пунктов в сельской местности Ивановской области.,Субсидия,https://apk.ivanovoobl.ru/deyatelnost/otbor-poluchateley-subsidiy/obyavleniya-o-provedenii-otbora-poluchateley-subsidiy/,Ивановская область,2026-05-27,,,no_deadline,[],https://apk.ivanovoobl.ru/deyatelnost/otbor-poluchateley-subsidiy/obyavleniya-o-provedenii-otbora-poluchateley-subsidiy/,,,unknown,needs_review,1
89,ivanovo_official_selections,selection,дении отбора получателей субсидий на поддержку животноводства,"Финансируется отбор получателей субсидий на поддержку животноводства, а также приобретение семени племенных быков и племенного молодняка.",Субсидия,https://apk.ivanovoobl.ru/deyatelnost/otbor-poluchateley-subsidiy/obyavleniya-o-provedenii-otbora-poluchateley-subsidiy/,Ивановская область,2026-05-15,2026-05-18,2026-05-28,no_deadline,[],https://apk.ivanovoobl.ru/deyatelnost/otbor-poluchateley-subsidiy/obyavleniya-o-provedenii-otbora-poluchateley-subsidiy/,животноводство,,specific,needs_review,1
90,ivanovo_official_selections,selection,Объявление о проведении отбора получателей субсидий на стимулирование увеличения производства картофеля и овощей,Фермерам предоставляется субсидия на агротехнические работы и улучшение почвы для роста производства картофеля и овощей в Ивановской области.,Субсидия,https://apk.ivanovoobl.ru/deyatelnost/otbor-poluchateley-subsidiy/obyavleniya-o-provedenii-otbora-poluchateley-subsidiy/,Ивановская область,2026-05-12,2026-04-30,2026-05-10,no_deadline,[],https://apk.ivanovoobl.ru/deyatelnost/otbor-poluchateley-subsidiy/obyavleniya-o-provedenii-otbora-poluchateley-subsidiy/,"картофель, овощи",,specific,classified,1
91,ivanovo_official_selections,selection,Объявление о проведении отбора получателей субсидий на,"Фермеры Ивановской области могут получить субсидии на проведение мелиорации земель, участвуя в отборе через систему 'Электронный бюджет'. Необходима регистрация в государственном реестре земель и отсутствие долгов.",Субсидия,https://apk.ivanovoobl.ru/deyatelnost/otbor-poluchateley-subsidiy/obyavleniya-o-provedenii-otbora-poluchateley-subsidiy/,Ивановская область,2026-05-08,2026-05-12,2026-05-22,no_deadline,[],https://apk.ivanovoobl.ru/deyatelnost/otbor-poluchateley-subsidiy/obyavleniya-o-provedenii-otbora-poluchateley-subsidiy/,,,unknown,needs_review,1
92,ivanovo_official_selections,selection,Объявление о проведении отбора получателей субсидий на поддержку племенного животноводства,"Фермеры Ивановской области, входящие в перечень племенных хозяйств, получают субсидии на увеличение численности племенного маточного поголовья.",Субсидия,https://apk.ivanovoobl.ru/deyatelnost/otbor-poluchateley-subsidiy/obyavleniya-o-provedenii-otbora-poluchateley-subsidiy/,Ивановская область,2026-05-06,2026-05-11,2026-05-16,found,"[{'chunk': 1, 'quote': 'Срок приема заявок 11.05.2026 00:00 - 16.05.2026 09:52 (МСК)', 'start': '2026-05-11', 'source': 'https://apk.ivanovoobl.ru/upload/medialibrary/79a/0wrnhynj28i8pvdo0fa6srq6ui3asv3n/Объявление%20об%20отборе%20(4).pdf', 'deadline': '2026-05-16'}]",https://apk.ivanovoobl.ru/deyatelnost/otbor-poluchateley-subsidiy/obyavleniya-o-provedenii-otbora-poluchateley-subsidiy/,племенное животноводство,,specific,needs_review,1
93,ivanovo_official_selections,selection,"Объявление о проведении отбора получателей субсидий на компенсацию части затрат на приобретение сельскохозяйственной техники и технологического оборудования, в том числе по договорам финансовой аренды (лизинга), за исключением затрат, направленных на реализацию инвестиционных проектов","Фермеры могут получить субсидию на компенсацию части затрат на приобретение сельскохозяйственной техники и оборудования, включая лизинг, за исключением финансирования инвестиционных проектов.",Субсидия,https://apk.ivanovoobl.ru/deyatelnost/otbor-poluchateley-subsidiy/obyavleniya-o-provedenii-otbora-poluchateley-subsidiy/,Ивановская область,2026-05-05,2026-05-06,2026-05-16,no_deadline,[],https://apk.ivanovoobl.ru/deyatelnost/otbor-poluchateley-subsidiy/obyavleniya-o-provedenii-otbora-poluchateley-subsidiy/,,,unknown,needs_review,1
94,ivanovo_official_selections,selection,"Объявление о проведении отбора получателей субсидий на проведение агротехнологических работ, повышение уровня экологической безопасности сельскохозяйственного производства, а также на повышение плодородия почв и",Фермеры получают субсидии на агротехнологические работы и повышение плодородия почвы для выращивания овощей открытого грунта.,Субсидия,https://apk.ivanovoobl.ru/deyatelnost/otbor-poluchateley-subsidiy/obyavleniya-o-provedenii-otbora-poluchateley-subsidiy/,Ивановская область,2026-04-30,2026-04-30,2026-05-10,no_deadline,[],https://apk.ivanovoobl.ru/deyatelnost/otbor-poluchateley-subsidiy/obyavleniya-o-provedenii-otbora-poluchateley-subsidiy/,"картофель, овощи",,specific,needs_review,1
95,ivanovo_official_selections,selection,Объявление о проведении отбора получателей с,"Субсидия предоставляется сельскохозяйственным организациям, фермерским хозяйствам и ИП Ивановской области на производство овощей открытого грунта и выращивание картофеля.",Субсидия,https://apk.ivanovoobl.ru/deyatelnost/otbor-poluchateley-subsidiy/obyavleniya-o-provedenii-otbora-poluchateley-subsidiy/,Ивановская область,2026-04-29,2026-04-30,2026-05-13,no_deadline,[],https://apk.ivanovoobl.ru/deyatelnost/otbor-poluchateley-subsidiy/obyavleniya-o-provedenii-otbora-poluchateley-subsidiy/,"картофель, овощи",,specific,classified,1
96,ivanovo_official_selections,selection,"Объявление о проведении отбора получателей субсидий сельскохозяйственным товаропроизводителям на возмещение части затрат,связанных с оплатой труда и проживанием студентов агровуза и (или) иных образовательных организаций","Сельскохозяйственные товаропроизводители могут получить субсидию на возмещение части затрат, связанных с оплатой труда и проживанием студентов агровуза или других образовательных организаций.",Субсидия,https://apk.ivanovoobl.ru/deyatelnost/otbor-poluchateley-subsidiy/obyavleniya-o-provedenii-otbora-poluchateley-subsidiy/,Ивановская область,2026-04-27,2026-04-28,2026-05-08,no_deadline,[],https://apk.ivanovoobl.ru/deyatelnost/otbor-poluchateley-subsidiy/obyavleniya-o-provedenii-otbora-poluchateley-subsidiy/,переработка сельхозпродукции,,specific,needs_review,1
97,ivanovo_official_selections,selection,Объявление о проведении отбора получателей субсидий на поддержку племенного животноводства,"Фермеры получают субсидии на увеличение численности племенных быков и маток, участвуя в отборе. Получатели должны быть из Ивановской области, входить в перечень племенных хозяйств и не иметь задолженности перед определенным учреждением.",Субсидия,https://apk.ivanovoobl.ru/deyatelnost/otbor-poluchateley-subsidiy/obyavleniya-o-provedenii-otbora-poluchateley-subsidiy/,Ивановская область,2026-04-21,2026-04-22,2026-04-27,no_deadline,[],https://apk.ivanovoobl.ru/deyatelnost/otbor-poluchateley-subsidiy/obyavleniya-o-provedenii-otbora-poluchateley-subsidiy/,племенное животноводство,,specific,needs_review,1
98,ivanovo_official_selections,selection,"Объявление о проведении отбора получателей субсидий сельскохозяйственным товаропроизводителям на возмещение части затрат, связанных с оплатой труда и проживанием студентов агровуза и (или) иных образовательных организаций","Сельскохозяйственные товаропроизводители могут получить субсидию на возмещение затрат, связанных с оплатой труда и проживанием студентов агровуза или иных образовательных организаций.",Субсидия,https://apk.ivanovoobl.ru/deyatelnost/otbor-poluchateley-subsidiy/obyavleniya-o-provedenii-otbora-poluchateley-subsidiy/,Ивановская область,2026-04-09,2026-04-10,2026-04-20,found,"[{'chunk': 1, 'quote': 'Срок приема заявок 10.04.2026 00:00 - 20.04.2026 08:00 (МСК)', 'start': '2026-04-10', 'source': 'https://apk.ivanovoobl.ru/upload/medialibrary/fef/4a955hrw7dholt2zt28i2bcww4unq1t7/объявлениеОтбор1%20(1).pdf', 'deadline': '2026-04-20'}]",https://apk.ivanovoobl.ru/deyatelnost/otbor-poluchateley-subsidiy/obyavleniya-o-provedenii-otbora-poluchateley-subsidiy/,,,unknown,needs_review,1
99,ivanovo_official_selections,selection,Объявление о проведении отбора получателей субсидии на поддержку животноводства,"Фермеры и юридические лица могут получить субсидию на поддержку животноводства, включая финансирование приобретения племенного скота и пчёл. Объем средств не ограничен, максимальный размер субсидии – 66 млн рублей.",Субсидия,https://apk.ivanovoobl.ru/deyatelnost/otbor-poluchateley-subsidiy/obyavleniya-o-provedenii-otbora-poluchateley-subsidiy/,Ивановская область,2026-04-09,2026-04-03,2026-04-13,no_deadline,[],https://apk.ivanovoobl.ru/deyatelnost/otbor-poluchateley-subsidiy/obyavleniya-o-provedenii-otbora-poluchateley-subsidiy/,животноводство,,specific,needs_review,1
100,ivanovo_official_selections,selection,Объявление о проведении отбора получателей субсидий на,"Фермеры Ивановской области получают субсидии на увеличение производства картофеля и овощей, конкретные суммы и лимиты не указаны.",Субсидия,https://apk.ivanovoobl.ru/deyatelnost/otbor-poluchateley-subsidiy/obyavleniya-o-provedenii-otbora-poluchateley-subsidiy/,Ивановская область,2026-03-31,2026-03-31,2026-04-10,no_deadline,[],https://apk.ivanovoobl.ru/deyatelnost/otbor-poluchateley-subsidiy/obyavleniya-o-provedenii-otbora-poluchateley-subsidiy/,"картофель, овощи",,specific,classified,1
101,ivanovo_official_selections,selection,"Объявление о проведении отбора получателей субсидий на компенсацию части затрат на приобретение сельскохозяйственной техники и технологического оборудования, в том числе по договорам финансовой аренды (лизинга), за исключением затрат, направленных на реализацию инвестиционных проектов","Фермеры могут получить субсидию на компенсацию части затрат на приобретение сельскохозяйственной техники и оборудования, включая лизинг, за исключением финансирования инвестиционных проектов.",Субсидия,https://apk.ivanovoobl.ru/deyatelnost/otbor-poluchateley-subsidiy/obyavleniya-o-provedenii-otbora-poluchateley-subsidiy/,Ивановская область,2026-03-17,2026-03-18,2026-03-28,no_deadline,[],https://apk.ivanovoobl.ru/deyatelnost/otbor-poluchateley-subsidiy/obyavleniya-o-provedenii-otbora-poluchateley-subsidiy/,,,unknown,needs_review,1
102,ivanovo_official_selections,selection,Объявление о проведении отбора субсидии производителям зерновых культур на возмещение части затрат на производство и реализацию зерновых культур,Производители зерновых культур в Ивановской области могут получить субсидию на компенсацию части затрат на производство и реализацию продукции.,Субсидия,https://apk.ivanovoobl.ru/deyatelnost/otbor-poluchateley-subsidiy/obyavleniya-o-provedenii-otbora-poluchateley-subsidiy/,Ивановская область,2026-03-13,2026-03-13,2026-03-23,no_deadline,[],https://apk.ivanovoobl.ru/deyatelnost/otbor-poluchateley-subsidiy/obyavleniya-o-provedenii-otbora-poluchateley-subsidiy/,зерновые,,specific,needs_review,1
103,ivanovo_official_selections,selection,"Объявление о проведении отбора получателей субсидий на проведение агротехнологических работ, повышение уровня экологической безопасности сельскохозяйственного производства, а также на повышение плодородия почв и качества почв - по ставке на 1 гектар посевной площади, занятой картофелем",Компенсируется проведение агротехнологических работ и повышение плодородия почвы под картофелем для сельскохозяйственных товаропроизводителей Ивановской области.,Субсидия,https://apk.ivanovoobl.ru/deyatelnost/otbor-poluchateley-subsidiy/obyavleniya-o-provedenii-otbora-poluchateley-subsidiy/,Ивановская область,2026-03-12,2026-03-13,2026-03-23,no_deadline,[],https://apk.ivanovoobl.ru/deyatelnost/otbor-poluchateley-subsidiy/obyavleniya-o-provedenii-otbora-poluchateley-subsidiy/,картофель,,specific,needs_review,1
104,ivanovo_official_selections,selection,Объявление о проведении отбора получателей субсидий на стимулирование увеличения производства картофеля и овощей,Сельскохозяйственные товаропроизводители Ивановской области могут получить субсидии на увеличение производства картофеля и овощей.,Субсидия,https://apk.ivanovoobl.ru/deyatelnost/otbor-poluchateley-subsidiy/obyavleniya-o-provedenii-otbora-poluchateley-subsidiy/,Ивановская область,2026-03-12,2026-03-13,2026-03-23,found,"[{'chunk': 1, 'quote': 'Срок приема заявок 13.03.2026 21:00 - 23.03.2026 21:00 (МСК)', 'start': None, 'source': 'https://apk.ivanovoobl.ru/upload/medialibrary/f6c/efv9u17gvo6lkypvv7dihfu7fkt2a923/Отбор_26-010-R0140-2-0054_карт_т.pdf', 'deadline': '2026-03-23'}]",https://apk.ivanovoobl.ru/deyatelnost/otbor-poluchateley-subsidiy/obyavleniya-o-provedenii-otbora-poluchateley-subsidiy/,"картофель, овощи",,specific,needs_review,1
105,ivanovo_official_selections,selection,Объявление о проведении отбора получателей субсидий на поддержку производства овощей открытого грунта,Сельскохозяйственные товаропроизводители Ивановской области могут получить субсидию на поддержку производства овощей открытого грунта.,Субсидия,https://apk.ivanovoobl.ru/deyatelnost/otbor-poluchateley-subsidiy/obyavleniya-o-provedenii-otbora-poluchateley-subsidiy/,Ивановская область,2026-03-12,2026-03-13,2026-03-23,found,"[{'chunk': 1, 'quote': 'Срок приема заявок 13.03.2026 21:00 - 23.03.2026 21:00 (МСК)', 'start': None, 'source': 'https://apk.ivanovoobl.ru/upload/medialibrary/bcd/ir8qcff8e7dux2x1r8a3e7bjuw1gqkzm/Отбор_26-010-R0140-2-0052_овощи_т.pdf', 'deadline': '2026-03-23'}]",https://apk.ivanovoobl.ru/deyatelnost/otbor-poluchateley-subsidiy/obyavleniya-o-provedenii-otbora-poluchateley-subsidiy/,овощи,,specific,needs_review,1
106,ivanovo_official_selections,selection,"Объявление о проведении отбора получателей субсидий на проведение агротехнологических работ,повышение уровня экологической безопасности сельскохозяйственного производства,а также на повышение плодородия почв и качества почв - по ставке на 1 гектар посевной площади, занятой овощными культурами открытого грунта","Финансируется проведение агротехнологических работ, повышение экологической безопасности и плодородия почвы на посевных площадях, занятых овощными культурами открытого грунта, для сельхозорганизаций, фермеров и ИП.",Субсидия,https://apk.ivanovoobl.ru/deyatelnost/otbor-poluchateley-subsidiy/obyavleniya-o-provedenii-otbora-poluchateley-subsidiy/,Ивановская область,2026-03-12,2026-03-13,2026-03-23,no_deadline,[],https://apk.ivanovoobl.ru/deyatelnost/otbor-poluchateley-subsidiy/obyavleniya-o-provedenii-otbora-poluchateley-subsidiy/,овощи,,specific,needs_review,1
107,ivanovo_official_selections,selection,Объявление о проведении отбора получателей с,Финансируется часть затрат сельскохозяйственных производителей на уплату страховой премии по договорам сельскохозяйственного страхования.,Субсидия,https://apk.ivanovoobl.ru/deyatelnost/otbor-poluchateley-subsidiy/obyavleniya-o-provedenii-otbora-poluchateley-subsidiy/,Ивановская область,2026-03-03,2026-03-04,2026-03-14,no_deadline,[],https://apk.ivanovoobl.ru/deyatelnost/otbor-poluchateley-subsidiy/obyavleniya-o-provedenii-otbora-poluchateley-subsidiy/,растениеводство,,specific,needs_review,1
108,ivanovo_official_selections,selection,Объявление о проведении отбора на предоставление субсидии на компенсацию части затрат на приобретение сельскохозяйственной техники и технологического оборудования,"Фермерам предоставляется субсидия на компенсацию части затрат на приобретение сельскохозяйственной техники и оборудования. Получатели – фермеры Ивановской области, купившие технику не ранее трех лет назад.",Субсидия,https://apk.ivanovoobl.ru/deyatelnost/otbor-poluchateley-subsidiy/obyavleniya-o-provedenii-otbora-poluchateley-subsidiy/,Ивановская область,2026-02-20,2026-02-20,2026-03-02,no_deadline,[],https://apk.ivanovoobl.ru/deyatelnost/otbor-poluchateley-subsidiy/obyavleniya-o-provedenii-otbora-poluchateley-subsidiy/,,,unknown,needs_review,1
109,ivanovo_official_selections,selection,Объявление о проведении отбора получателей субсидий на проведение культуртехнических мероприятий,Фермеры получают субсидии на проведение культуртехнических мероприятий для вовлечения сельскохозяйственных угодий в оборот. Поддержка предоставляется сельскохозяйственным товаропроизводителям Ивановской области.,Субсидия,https://apk.ivanovoobl.ru/deyatelnost/otbor-poluchateley-subsidiy/obyavleniya-o-provedenii-otbora-poluchateley-subsidiy/,Ивановская область,2026-02-19,2026-02-20,2026-03-02,no_deadline,[],https://apk.ivanovoobl.ru/deyatelnost/otbor-poluchateley-subsidiy/obyavleniya-o-provedenii-otbora-poluchateley-subsidiy/,,,unknown,needs_review,1
110,ivanovo_official_selections,selection,Объявление о проведении отбора получателей субсидий на проведение мероприятий по химической мелиорации земель,Фермеры Ивановской области могут получить субсидии на проведение мероприятий по химической мелиорации земель.,Субсидия,https://apk.ivanovoobl.ru/deyatelnost/otbor-poluchateley-subsidiy/obyavleniya-o-provedenii-otbora-poluchateley-subsidiy/,Ивановская область,2026-02-19,2026-02-20,2026-03-02,found,"[{'chunk': 1, 'quote': 'Срок приема заявок 20.02.2026 09:00 - 02.03.2026 18:00 (МСК)', 'start': '2026-02-20', 'source': 'https://apk.ivanovoobl.ru/upload/medialibrary/0a2/g092ccx1ikjb0ulrbp7j2m07cr5twqz1/Объявление%20об%20отборе_26-010-R5980-2-0022.pdf', 'deadline': '2026-03-02'}]",https://apk.ivanovoobl.ru/deyatelnost/otbor-poluchateley-subsidiy/obyavleniya-o-provedenii-otbora-poluchateley-subsidiy/,,,unknown,needs_review,1
111,ivanovo_official_selections,selection,"Объявление о проведении отбора получателей субсидий на компенсацию части затрат на приобретение сельскохозяйственной техники и технологического оборудования, в том числе по договорам финансовой аренды (лизинга), за исключением затрат, направленных на реализацию инвестиционных проектов","Фермеры могут получить субсидию на компенсацию части затрат на приобретение сельскохозяйственной техники и оборудования, включая лизинг, при условии, что техника или оборудование не используются в инвестиционных проектах.",Субсидия,https://apk.ivanovoobl.ru/deyatelnost/otbor-poluchateley-subsidiy/obyavleniya-o-provedenii-otbora-poluchateley-subsidiy/,Ивановская область,2026-02-18,2026-02-19,2026-03-01,no_deadline,[],https://apk.ivanovoobl.ru/deyatelnost/otbor-poluchateley-subsidiy/obyavleniya-o-provedenii-otbora-poluchateley-subsidiy/,,,unknown,needs_review,1
112,ivanovo_official_selections,selection,Объявление о проведении отбора получателей субсидий на поддержку животноводства,"Фермеры получают субсидии на поддержку животноводства через конкурсный отбор. Компенсируются расходы на племенное разведение, искусственное осеменение, поставку племенного материала, покупку племенных цыплят и пчелопакетов. Мера действует для организаций Ивановской области.",Субсидия,https://apk.ivanovoobl.ru/deyatelnost/otbor-poluchateley-subsidiy/obyavleniya-o-provedenii-otbora-poluchateley-subsidiy/,Ивановская область,2026-02-16,2026-02-17,2026-02-27,no_deadline,[],https://apk.ivanovoobl.ru/deyatelnost/otbor-poluchateley-subsidiy/obyavleniya-o-provedenii-otbora-poluchateley-subsidiy/,"животноводство, пчеловодство",,specific,needs_review,1
35,ivanovo_official_support,measure,Субсидии на стимулирование увеличения производства картофеля и овощей,"Субсидии направляются фермерам и сельхозорганизациям для роста производства картофеля и овощей, финансирование идет на агротехнические работы и поддержку производства.",Субсидия,https://apk.ivanovoobl.ru/deyatelnost/gosudarstvennaya-podderzhka-/,Ивановская область,,,,no_deadline,[],https://apk.ivanovoobl.ru/deyatelnost/gosudarstvennaya-podderzhka-/,"картофель, овощи",,specific,needs_review,2
36,ivanovo_official_support,measure,"Субсидии на возмещение получателям средств части затрат на реализацию проектов мелиорации, отобранных Министерством сельского хозяйства Российской Федерации, в отношении следующих мероприятий: а) гидромелиоративные мероприятия, в том числе: разработка проектно-сметной документации на проведение гидромелиоративных мероприятий - не более 5 процентов затрат на реализацию проекта мелиорации (в случае если объем затрат на разработку проектно-сметной документации превышает 5 процентов затрат на реализацию проекта мелиорации, сумма превышения не подлежит субсидированию за счет средств федерального бюджета); строительство, реконструкция и техническое перевооружение оросительных и осушительных систем общего и индивидуального пользования и отдельно расположенных гидротехнических сооружений, а также рыбоводных прудов, принадлежащих на праве собственности (аренды) получателям средств, приобретение машин, установок, дождевальных и поливальных аппаратов, насосных станций, включенных в сводный сметны","Субсидии предоставляются на возмещение части затрат фермеров на реализацию проектов мелиорации, отобранных Минсельхозом РФ, включая гидромелиоративные, культуртехнические и химические мероприятия.",Субсидия,https://apk.ivanovoobl.ru/deyatelnost/gosudarstvennaya-podderzhka-/,Ивановская область,,,,needs_review,[],https://apk.ivanovoobl.ru/deyatelnost/gosudarstvennaya-podderzhka-/,,,unknown,needs_review,0
37,ivanovo_official_support,measure,Субсидии из областного бюджета на возмещение части затрат сельскохозяйственных товаропроизводителей по вовлечению в оборот сельскохозяйственных угодий за счет проведения культуртехнических мероприятий,Сельскохозяйственным товаропроизводителям возмещаются затраты на проведение культуртехнических мероприятий для вовлечения в оборот сельскохозяйственных угодий.,Субсидия,https://apk.ivanovoobl.ru/deyatelnost/gosudarstvennaya-podderzhka-/,Ивановская область,,,,needs_review,[],https://apk.ivanovoobl.ru/deyatelnost/gosudarstvennaya-podderzhka-/,,,unknown,needs_review,0
38,ivanovo_official_support,measure,Субсидии на поддержку элитного семеноводства,"Финансируется поддержка элитного семеноводства сельскохозяйственных культур в Ивановской области, включая зерновые, зернобобовые, рапс, лен-долгунец и коноплю. Размер субсидии составляет 2200-3500 рублей за гектар.",Субсидия,https://apk.ivanovoobl.ru/deyatelnost/gosudarstvennaya-podderzhka-/,Ивановская область,,,,needs_review,[],https://apk.ivanovoobl.ru/deyatelnost/gosudarstvennaya-podderzhka-/,"зернобобовые, зерновые, лён, масличные, семеноводство",,specific,needs_review,2
39,ivanovo_official_support,measure,Субсидии на поддержку многолетних насаждений,"Финансируется поддержка многолетних насаждений, включая ягодные кустарники и сады семечковых и косточковых культур, за счёт средств федерального и областного бюджетов.",Субсидия,https://apk.ivanovoobl.ru/deyatelnost/gosudarstvennaya-podderzhka-/,Ивановская область,,,,needs_review,[],https://apk.ivanovoobl.ru/deyatelnost/gosudarstvennaya-podderzhka-/,"плодовые культуры, ягоды",,specific,needs_review,2
40,ivanovo_official_support,measure,Субсидии на стимулирование производства льна-долгунца и (или) технической конопли,Фермеры получают субсидии на поддержку производства льна-долгунца и (или) технической конопли.,Субсидия,https://apk.ivanovoobl.ru/deyatelnost/gosudarstvennaya-podderzhka-/,Ивановская область,,,,needs_review,[],https://apk.ivanovoobl.ru/deyatelnost/gosudarstvennaya-podderzhka-/,"лён, техническая конопля",,specific,needs_review,0
41,ivanovo_official_support,measure,Субсидии производителям зерновых культур на возмещение части затрат на производство и реализацию зерновых культур,Фермеры получают субсидию в размере 1000 рублей за каждую тонну реализованных зерновых культур собственного производства.,Субсидия,https://apk.ivanovoobl.ru/deyatelnost/gosudarstvennaya-podderzhka-/,Ивановская область,,,,no_deadline,[],https://apk.ivanovoobl.ru/deyatelnost/gosudarstvennaya-podderzhka-/,зерновые,,specific,needs_review,2
42,ivanovo_official_support,measure,Субсидии на компенсацию части затрат на приобретение сельскохозяйственной техники и технологического оборудования,Фермерам предоставляется субсидия на компенсацию части затрат на приобретение сельскохозяйственной техники и технологического оборудования.,Субсидия,https://apk.ivanovoobl.ru/deyatelnost/gosudarstvennaya-podderzhka-/,Ивановская область,,,,no_deadline,[],https://apk.ivanovoobl.ru/deyatelnost/gosudarstvennaya-podderzhka-/,"зерновые, картофель, масличные, овощи",,specific,needs_review,1
43,ivanovo_official_support,measure,"Субсидии сельскохозяйственным товаропроизводителям на компенсацию части затрат на приобретение сельскохозяйственной техники и технологического оборудования, в том числе по договорам финансовой аренды (лизинга), за исключением затрат, направленных на реализацию инвестиционных проектов","Сельскохозяйственные товаропроизводители получают субсидии на компенсацию части расходов на покупку сельхозтехники и оборудования, включая лизинг, за исключением инвестиций.",Субсидия,https://apk.ivanovoobl.ru/deyatelnost/gosudarstvennaya-podderzhka-/,Ивановская область,,,,needs_review,[],https://apk.ivanovoobl.ru/deyatelnost/gosudarstvennaya-podderzhka-/,,,unknown,needs_review,0
44,ivanovo_official_support,measure,Субсидии на поддержку производства молока,"Субсидии предоставляются на поддержку производства молока в Ивановской области. Размер компенсации составляет 1,35 рубля за 1 кг реализованного или отгруженного на переработку молока. Применяются коэффициенты в зависимости от достигнутой молочной продуктивности и наличия застрахованного поголовья.",Субсидия,https://apk.ivanovoobl.ru/deyatelnost/gosudarstvennaya-podderzhka-/,Ивановская область,,,,no_deadline,[],https://apk.ivanovoobl.ru/deyatelnost/gosudarstvennaya-podderzhka-/,молочное скотоводство,,specific,needs_review,2
45,ivanovo_official_support,measure,"Субсидии на поддержку племенного животноводства а) компенсацию части затрат по содержанию племенного маточного поголовья сельскохозяйственных животных; б) компенсацию части затрат по содержанию племенных быков-производителей, оцененных по качеству потомства или находящихся в процессе оценки этого качества","Фермеры получают субсидии на компенсацию части затрат по содержанию племенного маточного поголовья крупного рогатого скота, овец, лошадей и свиней.",Субсидия,https://apk.ivanovoobl.ru/deyatelnost/gosudarstvennaya-podderzhka-/,Ивановская область,,,,no_deadline,[],https://apk.ivanovoobl.ru/deyatelnost/gosudarstvennaya-podderzhka-/,"животноводство, коневодство, племенное животноводство, свиноводство",,specific,needs_review,1
46,ivanovo_official_support,measure,Субсидии на поддержку животноводства в целях возмещения части затрат (без учета налога на добавленную стоимость) на: а) приобретение племенного молодняка сельскохозяйственных животных; б) погашение лизинговых платежей за приобретенный племенной молодняк сельскохозяйственных животных; в) приобретение семени племенных быков-производителей; г) приобретение племенного рыбопосадочного материала; д) содержание кроликоматок; е) хранение семени племенных быков-производителей; ж) приобретение племенных ремонтных быков молочного и (или) мясного направления продуктивности,"Фермеры получают субсидии на возмещение части затрат на приобретение племенного молодняка, семени быков-производителей, рыбопосадочного материала, ремонтных быков, цыплят и пчелопакетов в Ивановской области.",Субсидия,https://apk.ivanovoobl.ru/deyatelnost/gosudarstvennaya-podderzhka-/,Ивановская область,,,,no_deadline,[],https://apk.ivanovoobl.ru/deyatelnost/gosudarstvennaya-podderzhka-/,"животноводство, кролиководство, овцеводство, пчеловодство, свиноводство",,specific,needs_review,1
47,ivanovo_official_support,measure,Субсидии на поддержку племенного коневодства (возмещение части затрат без учета налога на добавленную стоимость) на: а) содержание племенных жеребцов-производителей владимирской породы; б) получение племенных жеребят владимирской породы; в) проведение оценки племенных жеребцов-производителей владимирской породы по качеству потомства,"Фермеры получают субсидии на возмещение части затрат: на содержание племенных жеребцов-владимирцев, получение их жеребят и оценку качества потомства. Размер субсидий установлен отдельно для каждого вида деятельности.",Субсидия,https://apk.ivanovoobl.ru/deyatelnost/gosudarstvennaya-podderzhka-/,Ивановская область,,,,no_deadline,[],https://apk.ivanovoobl.ru/deyatelnost/gosudarstvennaya-podderzhka-/,,,unknown,needs_review,1
48,ivanovo_official_support,measure,"Субсидии на возмещение части затрат сельскохозяйственных товаропроизводителей на уплату страховой премии, начисленной по договорам сельскохозяйственного страхования",Сельскохозяйственным товаропроизводителям возмещаются затраты на уплату страховой премии по договорам сельскохозяйственного страхования.,Субсидия,https://apk.ivanovoobl.ru/deyatelnost/gosudarstvennaya-podderzhka-/,Ивановская область,,,,needs_review,[],https://apk.ivanovoobl.ru/deyatelnost/gosudarstvennaya-podderzhka-/,,,unknown,needs_review,0
49,ivanovo_official_support,measure,"Субсидии на возмещение части прямых понесенных затрат на создание и (или) модернизацию объектов агропромышленного комплекса, а также на приобретение и ввод в промышленную эксплуатацию маркировочного оборудования для внедрения обязательной маркировки отдельных видов молочной продукции","Субсидии предоставляются фермерам на возмещение затрат на создание, модернизацию объектов АПК и приобретение маркировочного оборудования для молочной продукции.",Субсидия,https://apk.ivanovoobl.ru/deyatelnost/gosudarstvennaya-podderzhka-/,Ивановская область,,,,needs_review,[],https://apk.ivanovoobl.ru/deyatelnost/gosudarstvennaya-podderzhka-/,,,unknown,needs_review,0
50,ivanovo_official_support,measure,Гранты на развитие сельскохозяйственного потребительского кооператива,"Гранты предоставляются сельскохозяйственным потребительским кооперативам на развитие их материально-технической базы, включая закупку оборудования и строительство объектов.",Грант,https://apk.ivanovoobl.ru/deyatelnost/gosudarstvennaya-podderzhka-/,Ивановская область,,,,no_deadline,[],https://apk.ivanovoobl.ru/deyatelnost/gosudarstvennaya-podderzhka-/,"животноводство, лён, переработка сельхозпродукции, растениеводство, рыбоводство, техническая конопля",,specific,needs_review,5
51,ivanovo_official_support,measure,"Субсидии сельскохозяйственным потребительским кооперативам на возмещение части затрат, связанных с: а) приобретением имущества в целях последующей передачи (реализации) приобретенного имущества в собственность членов (кроме ассоциированных членов) сельскохозяйственного потребительского кооператива, - в размере, не превышающем 50 процентов затрат, но не более 3 млн рублей из расчета на один сельскохозяйственный потребительский кооператив. Стоимость такого имущества, передаваемого (реализуемого) в собственность одного члена сельскохозяйственного потребительского кооператива, не может превышать 30 процентов общей стоимости этого имущества; б) приобретением крупного рогатого скота, мелкого рогатого скота в целях замены больных или инфицированных лейкозом, бруцеллезом, оспой сельскохозяйственных животных, принадлежащих членам (кроме ассоциированных членов) указанного сельскохозяйственного потребительского кооператива на праве собственности, - в размере, не превышающем 50 процентов затрат, н","Сельскохозяйственные потребительские кооперативы могут получить субсидию на компенсацию до 50% затрат на приобретение имущества или крупного рогатого скота для замены больных животных, но не более 3 млн рублей на кооператив.",Субсидия,https://apk.ivanovoobl.ru/deyatelnost/gosudarstvennaya-podderzhka-/,Ивановская область,,,,no_deadline,[],https://apk.ivanovoobl.ru/deyatelnost/gosudarstvennaya-podderzhka-/,,,unknown,needs_review,2
52,ivanovo_official_support,measure,"Единовременные выплаты выпускникам общеобразовательных организаций, профессиональных образовательных организаций, получившим в указанных организациях соответствующие документы об образовании, о квалификации, работающим у сельскохозяйственных товаропроизводителей, в машинно-технологических (тракторных) станциях, а также специалистам сельскохозяйственных товаропроизводителей с соответствующим высшим или средним профессиональным образованием","Единовременные выплаты предоставляются выпускникам общеобразовательных и профессиональных образовательных организаций, а также специалистам с высшим или средним профессиональным образованием, трудоустроившимся в сельскохозяйственные организации или машино-тракторные станции.",Иная поддержка,https://apk.ivanovoobl.ru/deyatelnost/gosudarstvennaya-podderzhka-/,Ивановская область,,,,needs_review,[],https://apk.ivanovoobl.ru/deyatelnost/gosudarstvennaya-podderzhka-/,,,unknown,needs_review,0
53,ivanovo_official_support,measure,"Социальные выплаты на строительство (приобретение) жилья гражданам Российской Федерации, проживающим на сельских территориях",Социальные выплаты предоставляются гражданам РФ для строительства или приобретения жилья на сельских территориях Ивановской области.,Иная поддержка,https://apk.ivanovoobl.ru/deyatelnost/gosudarstvennaya-podderzhka-/,Ивановская область,,,,no_deadline,[],https://apk.ivanovoobl.ru/deyatelnost/gosudarstvennaya-podderzhka-/,,,unknown,needs_review,2
54,ivanovo_official_support,measure,Гранты «Агротуризм» сельскохозяйственным товаропроизводителям (за исключением личных подсобных хозяйств) на реализацию проектов развития сельского туризма»,Гранты «Агротуризм» предоставляются сельскохозяйственным товаропроизводителям на развитие сельского туризма.,Грант,https://apk.ivanovoobl.ru/deyatelnost/gosudarstvennaya-podderzhka-/,Ивановская область,,,,no_deadline,[],https://apk.ivanovoobl.ru/deyatelnost/gosudarstvennaya-podderzhka-/,,,unknown,needs_review,2
55,ivanovo_official_support,measure,Субсидии на возмещение части затрат на развитие сельского туризма,"Фермерам предоставляется субсидия на возмещение части затрат на развитие сельского туризма, максимальная сумма — 5 млн рублей.",Субсидия,https://apk.ivanovoobl.ru/deyatelnost/gosudarstvennaya-podderzhka-/,Ивановская область,,,,no_deadline,[],https://apk.ivanovoobl.ru/deyatelnost/gosudarstvennaya-podderzhka-/,,,unknown,needs_review,3
56,ivanovo_official_support,measure,Гранты на развитие фермерского хозяйства,"Гранты предоставляются фермерам на развитие хозяйства, включая создание новых объектов, реконструкцию, закупку техники и оборудования. Финансируются капиталовложения, сырье, материалы, оплата труда и другие нужды. Срок использования гранта – до 18 месяцев.",Грант,https://apk.ivanovoobl.ru/deyatelnost/gosudarstvennaya-podderzhka-/,Ивановская область,,,,no_deadline,[],https://apk.ivanovoobl.ru/deyatelnost/gosudarstvennaya-podderzhka-/,"животноводство, переработка сельхозпродукции, растениеводство",,specific,needs_review,4
57,ivanovo_official_support,measure,Субсидии на возмещение части затрат фермерского хозяйства,"Фермерам предоставляется субсидия на возмещение части затрат, связанных с производством и переработкой сельскохозяйственной продукции. Размер компенсации составляет до 60% (до 70% для производителей органической продукции), но не более 20 млн рублей.",Субсидия,https://apk.ivanovoobl.ru/deyatelnost/gosudarstvennaya-podderzhka-/,Ивановская область,,,,no_deadline,[],https://apk.ivanovoobl.ru/deyatelnost/gosudarstvennaya-podderzhka-/,"животноводство, переработка сельхозпродукции, растениеводство",,specific,needs_review,3
58,ivanovo_official_support,measure,"Гранты «Агромотиватор» ветеранами участникам специальной военной операции, связанные с началом осуществления ими предпринимательской деятельности в агропромышленном комплексе",Гранты «Агромотиватор» предоставляются ветеранам и участникам специальной военной операции для начала предпринимательской деятельности в агропромышленном комплексе.,Грант,https://apk.ivanovoobl.ru/deyatelnost/gosudarstvennaya-podderzhka-/,Ивановская область,,,,no_deadline,[],https://apk.ivanovoobl.ru/deyatelnost/gosudarstvennaya-podderzhka-/,"животноводство, переработка сельхозпродукции, растениеводство",,specific,needs_review,4
59,ivanovo_official_support,measure,"Субсидии на возмещение части затрат, связанных с производством хлеба и хлебобулочных изделий и приобретением специализированного автотранспорта для перевозки хлеба и хлебобулочных изделий","Фермеры получают субсидии на компенсацию затрат, связанных с производством хлеба и хлебобулочных изделий, а также на приобретение специализированного автотранспорта для их перевозки.",Субсидия,https://apk.ivanovoobl.ru/deyatelnost/gosudarstvennaya-podderzhka-/,Ивановская область,,,,no_deadline,[],https://apk.ivanovoobl.ru/deyatelnost/gosudarstvennaya-podderzhka-/,,,unknown,needs_review,1
60,ivanovo_official_support,measure,Гранты на реализацию проекта по организации малой сельской пекарни,Гранты предоставляются фермерам для реализации проектов по организации малых сельских пекарен.,Грант,https://apk.ivanovoobl.ru/deyatelnost/gosudarstvennaya-podderzhka-/,Ивановская область,,,,no_deadline,[],https://apk.ivanovoobl.ru/deyatelnost/gosudarstvennaya-podderzhka-/,,,unknown,needs_review,1
61,ivanovo_official_support,measure,"Субсидии крестьянским (фермерским) хозяйствам или индивидуальным предпринимателям, основным видом деятельности которых является производство и (или) переработка сельскохозяйственной продукции, на возмещение части затрат на сертификацию производимой ими продукции",Фермерские хозяйства и индивидуальные предприниматели получают субсидии на компенсацию затрат на сертификацию производимой ими сельскохозяйственной продукции.,Субсидия,https://apk.ivanovoobl.ru/deyatelnost/gosudarstvennaya-podderzhka-/,Ивановская область,,,,no_deadline,[],https://apk.ivanovoobl.ru/deyatelnost/gosudarstvennaya-podderzhka-/,,,unknown,needs_review,1
62,ivanovo_official_support,measure,"Субсидии сельскохозяйственным товаропроизводителям на возмещение части затрат, связанных с оплатой труда и проживанием студентов агровуза и (или) иных образовательных организаций","Сельскохозяйственные товаропроизводители получают субсидии на компенсацию затрат, связанных с оплатой труда и проживанием студентов агровуза и других образовательных организаций.",Субсидия,https://apk.ivanovoobl.ru/deyatelnost/gosudarstvennaya-podderzhka-/,Ивановская область,,,,no_deadline,[],https://apk.ivanovoobl.ru/deyatelnost/gosudarstvennaya-podderzhka-/,,,unknown,needs_review,1
63,ivanovo_official_support,measure,Субсидии на возмещение части затрат на выплаты стимулирующего характера специалистам - участникам ключевого проекта в сфере агропромышленного комплекса и (или) учителям,Субсидии предоставляются специалистам и учителям-участникам ключевого проекта в агропромышленном комплексе для компенсации затрат на выплату стимулирующих надбавок.,Субсидия,https://apk.ivanovoobl.ru/deyatelnost/gosudarstvennaya-podderzhka-/,Ивановская область,,,,no_deadline,[],https://apk.ivanovoobl.ru/deyatelnost/gosudarstvennaya-podderzhka-/,,,unknown,needs_review,1
64,ivanovo_official_support,measure,"Субсидии на возмещение части затрат на реконструкцию, капитальный ремонт объектов образования и (или) оснащение их оборудованием и (или) на агротехнологические классы","Субсидии предоставляются на возмещение части затрат на реконструкцию, капитальный ремонт объектов образования и оснащение их агротехнологическими классами.",Субсидия,https://apk.ivanovoobl.ru/deyatelnost/gosudarstvennaya-podderzhka-/,Ивановская область,,,,no_deadline,[],https://apk.ivanovoobl.ru/deyatelnost/gosudarstvennaya-podderzhka-/,,,unknown,needs_review,1
31,svoefermerstvo_federal,measure,Грант «Агростартап»,,Грант,https://svoefermerstvo.ru/mery-podderzhki/1,"Астраханской области, Кемеровской области, Волгоградской области, Курганской области, Московской области",,,,no_deadline,[],https://svoefermerstvo.ru/mery-podderzhki/1,,,unknown,needs_review,0
32,svoefermerstvo_federal,measure,Грант «Агропрогресс»,,Грант,https://svoefermerstvo.ru/mery-podderzhki/2,Московской области,,,,no_deadline,[],https://svoefermerstvo.ru/mery-podderzhki/2,,,unknown,needs_review,0
33,svoefermerstvo_federal,measure,Грант на развитие семейной фермы,,Грант,https://svoefermerstvo.ru/mery-podderzhki/3,Московской области,,,,no_deadline,[],https://svoefermerstvo.ru/mery-podderzhki/3,,,unknown,needs_review,0
34,svoefermerstvo_federal,measure,Субсидия на поддержку производства яиц,,Субсидия,https://svoefermerstvo.ru/mery-podderzhki/40,,,,,no_deadline,[],https://svoefermerstvo.ru/mery-podderzhki/40,пищевые яйца,,specific,needs_review,0
147,svoefermerstvo_federal,measure,"Возмещение части затрат на поддержку производства продукции плодовых и ягодных культур, хмеля, включая посадочный материал, закладку и уход за многолетними насаждениями (за исключением виноградников), включая питомники (кроме виноградных)",,Компенсация,https://svoefermerstvo.ru/mery-podderzhki/128,Орловской области,,,,no_deadline,[],https://svoefermerstvo.ru/mery-podderzhki/128,"плодовые культуры, рассада и питомники, ягоды",,specific,needs_review,0
148,svoefermerstvo_federal,measure,Субсидии на возмещение части затрат на поддержку элитного семеноводства,,Субсидия,https://svoefermerstvo.ru/mery-podderzhki/262,,,,,no_deadline,[],https://svoefermerstvo.ru/mery-podderzhki/262,"растениеводство, семеноводство",,specific,needs_review,0
149,svoefermerstvo_federal,measure,"Субсидия на овец и коз на убой (в живом весе), реализованных и (или) отгруженных на собственную переработку и (или) переработку юридическим лицам и индивидуальным предпринимателям, осуществляющим свою деятельность на территории Российской Федерации",,Субсидия,https://svoefermerstvo.ru/mery-podderzhki/320,Астраханской области,,,,no_deadline,[],https://svoefermerstvo.ru/mery-podderzhki/320,"козоводство, овцеводство",,specific,needs_review,0
150,svoefermerstvo_federal,measure,Грант на развитие малых форм хозяйствования,,Грант,https://svoefermerstvo.ru/mery-podderzhki/321,Астраханской области,,,,no_deadline,[],https://svoefermerstvo.ru/mery-podderzhki/321,,,unknown,needs_review,0
151,svoefermerstvo_federal,measure,Грант на развитие материально технической базы кооперативов,,Грант,https://svoefermerstvo.ru/mery-podderzhki/322,Астраханской области,,,,no_deadline,[],https://svoefermerstvo.ru/mery-podderzhki/322,,,unknown,needs_review,0
152,svoefermerstvo_federal,measure,Субсидия на приобретение племенного молодняка сельскохозяйственных животных,,Субсидия,https://svoefermerstvo.ru/mery-podderzhki/324,Астраханской области,,,,no_deadline,[],https://svoefermerstvo.ru/mery-podderzhki/324,"животноводство, овцеводство",,specific,needs_review,0
153,svoefermerstvo_federal,measure,Грант на развитие материально технической базы (МТБ),,Грант,https://svoefermerstvo.ru/mery-podderzhki/343,Волгоградской области,,,,no_deadline,[],https://svoefermerstvo.ru/mery-podderzhki/343,,,unknown,needs_review,0
154,svoefermerstvo_federal,measure,Грант «Агромотиватор»,,Грант,https://svoefermerstvo.ru/mery-podderzhki/407,,,,,no_deadline,[],https://svoefermerstvo.ru/mery-podderzhki/407,,,unknown,needs_review,0
155,svoefermerstvo_federal,measure,Программа льготного кредитования в рамках Решения Минсельхоза России № 1969-Р/258-Р/1528,,Льготный кредит,https://svoefermerstvo.ru/mery-podderzhki/410,,,,,no_deadline,[],https://svoefermerstvo.ru/mery-podderzhki/410,,,unknown,needs_review,0
156,svoefermerstvo_federal,measure,Программа льготного кредитования в рамках Решения Минсельхоза России № 1967-Р/665-Р/1804,,Льготный кредит,https://svoefermerstvo.ru/mery-podderzhki/411,,,,,no_deadline,[],https://svoefermerstvo.ru/mery-podderzhki/411,,,all,needs_review,0
157,svoefermerstvo_federal,measure,Фабрика проектного финансирования ВЭБ.РФ,,Льготный кредит,https://svoefermerstvo.ru/mery-podderzhki/412,,,,,no_deadline,[],https://svoefermerstvo.ru/mery-podderzhki/412,,,unknown,needs_review,0
158,svoefermerstvo_federal,measure,Фабрика проектного финансирования ВЭБ.РФ,,Льготный кредит,https://svoefermerstvo.ru/mery-podderzhki/413,,,,,no_deadline,[],https://svoefermerstvo.ru/mery-podderzhki/413,,,unknown,needs_review,0
159,svoefermerstvo_federal,measure,Программа льготного кредитования в рамках Решения Минпромторга России № 0982-Р (промышленная ипотека),,Льготный кредит,https://svoefermerstvo.ru/mery-podderzhki/414,,,,,no_deadline,[],https://svoefermerstvo.ru/mery-podderzhki/414,,,unknown,needs_review,0
160,svoefermerstvo_federal,measure,Программа льготного кредитования в рамках Решения Минэкономразвития России № 2070-Р,,Льготный кредит,https://svoefermerstvo.ru/mery-podderzhki/415,,,,,no_deadline,[],https://svoefermerstvo.ru/mery-podderzhki/415,,,unknown,needs_review,0
161,svoefermerstvo_federal,measure,Программа льготного кредитования в рамках Решения Минэкономразвития России № 2036-Р/1764,,Льготный кредит,https://svoefermerstvo.ru/mery-podderzhki/416,,,,,no_deadline,[],https://svoefermerstvo.ru/mery-podderzhki/416,,,unknown,needs_review,0
162,svoefermerstvo_federal,measure,Грант на развитие молочных ферм для малых хозяйств,,Грант,https://svoefermerstvo.ru/mery-podderzhki/418,,,,,no_deadline,[],https://svoefermerstvo.ru/mery-podderzhki/418,,,unknown,needs_review,0
163,svoefermerstvo_federal,measure,Субсидии на развитие сельского туризма,,Субсидия,https://svoefermerstvo.ru/mery-podderzhki/395,Курганской области,,,,no_deadline,[],https://svoefermerstvo.ru/mery-podderzhki/395,,,unknown,needs_review,0
164,svoefermerstvo_federal,measure,Субсидии на возмещение части фактически произведенных затрат на роботизированных молочных фермах,,Субсидия,https://svoefermerstvo.ru/mery-podderzhki/205,Калужской области,,,,no_deadline,[],https://svoefermerstvo.ru/mery-podderzhki/205,,,unknown,needs_review,0
165,svoefermerstvo_federal,measure,«Объединенный грант» на развитие фермерского хозяйства (ранее гранты Агростартап и Семейная ферма),,Грант,https://svoefermerstvo.ru/mery-podderzhki/408,,,,,no_deadline,[],https://svoefermerstvo.ru/mery-podderzhki/408,,,unknown,needs_review,0
166,svoefermerstvo_federal,measure,Программа льготного кредитования в рамках Решения Минсельхоза России № 1698-Р/358-Р/512,,Льготный кредит,https://svoefermerstvo.ru/mery-podderzhki/409,,,,,no_deadline,[],https://svoefermerstvo.ru/mery-podderzhki/409,,,all,needs_review,0
167,svoefermerstvo_federal,measure,Грант «Агромотиватор» на поддержку приоритетных направлений малого агробизнеса по направлению «Развитие крестьянско-фермерских хозяйств»,,Грант,https://svoefermerstvo.ru/mery-podderzhki/449,Курганской области,,,,no_deadline,[],https://svoefermerstvo.ru/mery-podderzhki/449,,,unknown,needs_review,0
168,svoefermerstvo_federal,measure,Субсидия на сертификацию продукции АПК,,Субсидия,https://svoefermerstvo.ru/mery-podderzhki/10,Московской области,,,,no_deadline,[],https://svoefermerstvo.ru/mery-podderzhki/10,"зерновые, рыбоводство",,specific,needs_review,0
169,svoefermerstvo_federal,measure,Развитие овощеводства и картофелеводства,,Иная поддержка,https://svoefermerstvo.ru/mery-podderzhki/4,Московской области,,,,no_deadline,[],https://svoefermerstvo.ru/mery-podderzhki/4,"картофель, овощи",,specific,needs_review,0
170,svoefermerstvo_federal,measure,"Субсидия на возмещение части процентной ставки по инвестиционным кредитам, оформленным до 1 января 2017 года",,Субсидия,https://svoefermerstvo.ru/mery-podderzhki/7,Московской области,,,,no_deadline,[],https://svoefermerstvo.ru/mery-podderzhki/7,"животноводство, молочное скотоводство, растениеводство",,specific,needs_review,0
171,svoefermerstvo_federal,measure,Субсидия на создание и модернизацию объектов АПК,,Субсидия,https://svoefermerstvo.ru/mery-podderzhki/8,Московской области,,,,no_deadline,[],https://svoefermerstvo.ru/mery-podderzhki/8,,,all,needs_review,0
172,svoefermerstvo_federal,measure,Субсидия на создание и модернизацию объектов по переработке сельскохозяйственной продукции,,Субсидия,https://svoefermerstvo.ru/mery-podderzhki/11,Московской области,,,,no_deadline,[],https://svoefermerstvo.ru/mery-podderzhki/11,"масличные, рыбоводство",,specific,needs_review,0
173,svoefermerstvo_federal,measure,Льготный тариф на перевозку железнодорожным транспортом сельскохозяйственной продукции,,Субсидия,https://svoefermerstvo.ru/mery-podderzhki/5,Московской области,,,,no_deadline,[],https://svoefermerstvo.ru/mery-podderzhki/5,зерновые,,specific,needs_review,0
174,svoefermerstvo_federal,measure,Субсидия на мелиоративные мероприятия,,Субсидия,https://svoefermerstvo.ru/mery-podderzhki/9,Московской области,,,,no_deadline,[],https://svoefermerstvo.ru/mery-podderzhki/9,,,unknown,needs_review,0
175,svoefermerstvo_federal,measure,Льготное кредитование,,Льготный кредит,https://svoefermerstvo.ru/mery-podderzhki/6,Московской области,,,,no_deadline,[],https://svoefermerstvo.ru/mery-podderzhki/6,,,all,needs_review,0
176,svoefermerstvo_federal,measure,Грант на развитие малого агробизнеса,,Грант,https://svoefermerstvo.ru/mery-podderzhki/417,,,,,no_deadline,[],https://svoefermerstvo.ru/mery-podderzhki/417,,,unknown,needs_review,0
177,svoefermerstvo_federal,measure,Субсидия на транспортировку продукции АПК,,Субсидия,https://svoefermerstvo.ru/mery-podderzhki/12,Московской области,,,,no_deadline,[],https://svoefermerstvo.ru/mery-podderzhki/12,,,all,needs_review,0
178,svoefermerstvo_federal,measure,Субсидия предприятиям хлебопекарной промышленности,,Субсидия,https://svoefermerstvo.ru/mery-podderzhki/13,Московской области,,,,no_deadline,[],https://svoefermerstvo.ru/mery-podderzhki/13,,,unknown,needs_review,0
179,svoefermerstvo_federal,measure,Субсидии производителям молока,,Субсидия,https://svoefermerstvo.ru/mery-podderzhki/14,Московской области,,,,no_deadline,[],https://svoefermerstvo.ru/mery-podderzhki/14,молочное скотоводство,,specific,needs_review,0
180,svoefermerstvo_federal,measure,Земельные участки в аренду без проведения торгов,,Иная поддержка,https://svoefermerstvo.ru/mery-podderzhki/22,Московской области,,,,no_deadline,[],https://svoefermerstvo.ru/mery-podderzhki/22,,,all,needs_review,0
181,svoefermerstvo_federal,measure,Субсидии на мелиоративные мероприятия,,Субсидия,https://svoefermerstvo.ru/mery-podderzhki/23,Московской области,,,,no_deadline,[],https://svoefermerstvo.ru/mery-podderzhki/23,,,unknown,needs_review,0
182,svoefermerstvo_federal,measure,Субсидии по отдельным подотраслям растениеводства,,Субсидия,https://svoefermerstvo.ru/mery-podderzhki/19,"Кировской области, Московской области",,,,no_deadline,[],https://svoefermerstvo.ru/mery-podderzhki/19,"овощи, растениеводство",,specific,needs_review,0
183,svoefermerstvo_federal,measure,Лизинг и техника,,Лизинг,https://svoefermerstvo.ru/mery-podderzhki/20,Московской области,,,,no_deadline,[],https://svoefermerstvo.ru/mery-podderzhki/20,,,all,needs_review,0
184,svoefermerstvo_federal,measure,Субсидии по отдельным подотраслям животноводства,,Субсидия,https://svoefermerstvo.ru/mery-podderzhki/16,Московской области,,,,no_deadline,[],https://svoefermerstvo.ru/mery-podderzhki/16,,,unknown,needs_review,0
185,svoefermerstvo_federal,measure,Субсидии на поддержку племенного животноводства,,Субсидия,https://svoefermerstvo.ru/mery-podderzhki/17,Московской области,,,,no_deadline,[],https://svoefermerstvo.ru/mery-podderzhki/17,племенное животноводство,,specific,needs_review,0
186,svoefermerstvo_federal,measure,Субсидии на производство молока,,Субсидия,https://svoefermerstvo.ru/mery-podderzhki/25,,,,,no_deadline,[],https://svoefermerstvo.ru/mery-podderzhki/25,молочное скотоводство,,specific,needs_review,0
187,svoefermerstvo_federal,measure,Cубсидии на элитное семеноводство,,Иная поддержка,https://svoefermerstvo.ru/mery-podderzhki/18,Московской области,,,,no_deadline,[],https://svoefermerstvo.ru/mery-podderzhki/18,"растениеводство, семеноводство",,specific,needs_review,0
188,svoefermerstvo_federal,measure,Субсидии на поддержку производства товарной рыбы и рыбопосадочного материала,,Субсидия,https://svoefermerstvo.ru/mery-podderzhki/15,Московской области,,,,no_deadline,[],https://svoefermerstvo.ru/mery-podderzhki/15,рыбоводство,,specific,needs_review,0
189,svoefermerstvo_federal,measure,Программа «Подмосковные 10 га»,,Иная поддержка,https://svoefermerstvo.ru/mery-podderzhki/21,Московской области,,,,no_deadline,[],https://svoefermerstvo.ru/mery-podderzhki/21,,,unknown,needs_review,0
190,svoefermerstvo_federal,measure,Субсидии на приобретение племенного молодняка,,Субсидия,https://svoefermerstvo.ru/mery-podderzhki/44,,,,,no_deadline,[],https://svoefermerstvo.ru/mery-podderzhki/44,племенное животноводство,,specific,needs_review,0
191,svoefermerstvo_federal,measure,Субсидии на поддержку мясного животноводства,,Субсидия,https://svoefermerstvo.ru/mery-podderzhki/45,,,,,no_deadline,[],https://svoefermerstvo.ru/mery-podderzhki/45,"козоводство, овцеводство",,specific,needs_review,0
192,svoefermerstvo_federal,measure,"Субсидии на производство КРС, направленного на убой",,Субсидия,https://svoefermerstvo.ru/mery-podderzhki/46,,,,,no_deadline,[],https://svoefermerstvo.ru/mery-podderzhki/46,,,unknown,needs_review,0
193,svoefermerstvo_federal,measure,"Субсидия на поддержку развития северного оленеводства, мараловодства и мясного табунного коневодства",,Субсидия,https://svoefermerstvo.ru/mery-podderzhki/31,,,,,no_deadline,[],https://svoefermerstvo.ru/mery-podderzhki/31,коневодство,,specific,needs_review,0
194,svoefermerstvo_federal,measure,Субсидия на поддержку производства шерсти,,Субсидия,https://svoefermerstvo.ru/mery-podderzhki/32,,,,,no_deadline,[],https://svoefermerstvo.ru/mery-podderzhki/32,,,unknown,needs_review,0
195,svoefermerstvo_federal,measure,Субсидия на стимулирование производства мяса КРС специализированных мясных пород,,Субсидия,https://svoefermerstvo.ru/mery-podderzhki/33,,,,,no_deadline,[],https://svoefermerstvo.ru/mery-podderzhki/33,,,unknown,needs_review,0
196,svoefermerstvo_federal,measure,Субсидии на развитие мясного животноводства,,Субсидия,https://svoefermerstvo.ru/mery-podderzhki/41,Амурской области,,,,no_deadline,[],https://svoefermerstvo.ru/mery-podderzhki/41,свиноводство,,specific,needs_review,0
197,svoefermerstvo_federal,measure,Стимулирование увеличения производства картофеля,,Субсидия,https://svoefermerstvo.ru/mery-podderzhki/42,Амурской области,,,,no_deadline,[],https://svoefermerstvo.ru/mery-podderzhki/42,картофель,,specific,needs_review,0
198,svoefermerstvo_federal,measure,"Субсидии на коневодство, оленеводство и мараловодство",,Субсидия,https://svoefermerstvo.ru/mery-podderzhki/43,Амурской области,,,,no_deadline,[],https://svoefermerstvo.ru/mery-podderzhki/43,коневодство,,specific,needs_review,0
199,svoefermerstvo_federal,measure,Субсидия на поддержку развития овцеводства и козоводства,,Субсидия,https://svoefermerstvo.ru/mery-podderzhki/29,,,,,no_deadline,[],https://svoefermerstvo.ru/mery-podderzhki/29,"козоводство, овцеводство",,specific,needs_review,0
200,svoefermerstvo_federal,measure,Субсидия на поддержку племенного животноводства,,Субсидия,https://svoefermerstvo.ru/mery-podderzhki/30,,,,,no_deadline,[],https://svoefermerstvo.ru/mery-podderzhki/30,племенное животноводство,,specific,needs_review,0
201,svoefermerstvo_federal,measure,Субсидия на стимулирование производства молока (стимулирующая субсидия),,Субсидия,https://svoefermerstvo.ru/mery-podderzhki/27,,,,,no_deadline,[],https://svoefermerstvo.ru/mery-podderzhki/27,молочное скотоводство,,specific,needs_review,0
202,svoefermerstvo_federal,measure,Субсидия на поддержку собственного производства молока (компенсирующая субсидия),,Субсидия,https://svoefermerstvo.ru/mery-podderzhki/28,,,,,no_deadline,[],https://svoefermerstvo.ru/mery-podderzhki/28,молочное скотоводство,,specific,needs_review,0
203,svoefermerstvo_federal,measure,Субсидии на производство и реализацию зерновых культур,,Субсидия,https://svoefermerstvo.ru/mery-podderzhki/36,Амурской области,,,,no_deadline,[],https://svoefermerstvo.ru/mery-podderzhki/36,зерновые,,specific,needs_review,0
204,svoefermerstvo_federal,measure,Поддержка хлебопекарной промышленности,,Иная поддержка,https://svoefermerstvo.ru/mery-podderzhki/37,Амурской области,,,,no_deadline,[],https://svoefermerstvo.ru/mery-podderzhki/37,,,all,needs_review,0
205,svoefermerstvo_federal,measure,Субсидии на производство рыбы,,Субсидия,https://svoefermerstvo.ru/mery-podderzhki/38,Амурской области,,,,no_deadline,[],https://svoefermerstvo.ru/mery-podderzhki/38,рыбоводство,,specific,needs_review,0
206,svoefermerstvo_federal,measure,Субсидия на поддержку развития мясного скотоводства,,Субсидия,https://svoefermerstvo.ru/mery-podderzhki/34,,,,,no_deadline,[],https://svoefermerstvo.ru/mery-podderzhki/34,мясное скотоводство,,specific,needs_review,0
207,svoefermerstvo_federal,measure,Стимулирование увеличения производства масличных культур,,Субсидия,https://svoefermerstvo.ru/mery-podderzhki/35,Амурской области,,,,no_deadline,[],https://svoefermerstvo.ru/mery-podderzhki/35,масличные,,specific,needs_review,0
208,svoefermerstvo_federal,measure,Субсидии на производство молока,,Субсидия,https://svoefermerstvo.ru/mery-podderzhki/39,Амурской области,,,,no_deadline,[],https://svoefermerstvo.ru/mery-podderzhki/39,молочное скотоводство,,specific,needs_review,0
209,svoefermerstvo_federal,measure,Субсидии на содержание коров молочного направления продуктивности,,Субсидия,https://svoefermerstvo.ru/mery-podderzhki/26,,,,,no_deadline,[],https://svoefermerstvo.ru/mery-podderzhki/26,,,unknown,needs_review,0
210,svoefermerstvo_federal,measure,Субсидии на собственное производство молока,,Субсидия,https://svoefermerstvo.ru/mery-podderzhki/47,,,,,no_deadline,[],https://svoefermerstvo.ru/mery-podderzhki/47,молочное скотоводство,,specific,needs_review,0
211,svoefermerstvo_federal,measure,Субсидии на поддержку производства картофеля и овощей открытого грунта,,Субсидия,https://svoefermerstvo.ru/mery-podderzhki/48,,,,,no_deadline,[],https://svoefermerstvo.ru/mery-podderzhki/48,"картофель, овощи",,specific,needs_review,0
212,svoefermerstvo_federal,measure,Субсидии на виноградарство и виноделие,,Субсидия,https://svoefermerstvo.ru/mery-podderzhki/49,,,,,no_deadline,[],https://svoefermerstvo.ru/mery-podderzhki/49,,,unknown,needs_review,0
213,svoefermerstvo_federal,measure,Субсидии на рыбоводство и рыболовство,,Субсидия,https://svoefermerstvo.ru/mery-podderzhki/50,,,,,no_deadline,[],https://svoefermerstvo.ru/mery-podderzhki/50,рыбоводство,,specific,needs_review,0
214,svoefermerstvo_federal,measure,Субсидии на производство и реализацию зерновых культур,,Субсидия,https://svoefermerstvo.ru/mery-podderzhki/51,Рязанской области,,,,no_deadline,[],https://svoefermerstvo.ru/mery-podderzhki/51,зерновые,,specific,needs_review,0
215,svoefermerstvo_federal,measure,Субсидии на производство и реализацию молока,,Субсидия,https://svoefermerstvo.ru/mery-podderzhki/52,Рязанской области,,,,no_deadline,[],https://svoefermerstvo.ru/mery-podderzhki/52,молочное скотоводство,,specific,needs_review,0
216,svoefermerstvo_federal,measure,Субсидии на поддержку элитного семеноводства картофеля и овощных культур,,Субсидия,https://svoefermerstvo.ru/mery-podderzhki/53,Рязанской области,,,,no_deadline,[],https://svoefermerstvo.ru/mery-podderzhki/53,"картофель, овощи",,specific,needs_review,0
217,svoefermerstvo_federal,measure,Субсидии на стимулирование увеличения производства масличных культур,,Субсидия,https://svoefermerstvo.ru/mery-podderzhki/54,Рязанской области,,,,no_deadline,[],https://svoefermerstvo.ru/mery-podderzhki/54,масличные,,specific,needs_review,0
218,svoefermerstvo_federal,measure,Субсидии на закладку и уход за многолетними насаждениями,,Субсидия,https://svoefermerstvo.ru/mery-podderzhki/55,Рязанской области,,,,no_deadline,[],https://svoefermerstvo.ru/mery-podderzhki/55,плодовые культуры,,specific,needs_review,0
219,svoefermerstvo_federal,measure,Субсидии на поддержку племенного животноводства,,Субсидия,https://svoefermerstvo.ru/mery-podderzhki/56,Рязанской области,,,,no_deadline,[],https://svoefermerstvo.ru/mery-podderzhki/56,племенное животноводство,,specific,needs_review,0
220,svoefermerstvo_federal,measure,Субсидии на производство масличных культур,,Субсидия,https://svoefermerstvo.ru/mery-podderzhki/57,Курской области,,,,no_deadline,[],https://svoefermerstvo.ru/mery-podderzhki/57,масличные,,specific,needs_review,0
221,svoefermerstvo_federal,measure,Субсидии на производство молока,,Субсидия,https://svoefermerstvo.ru/mery-podderzhki/61,Курской области,,,,no_deadline,[],https://svoefermerstvo.ru/mery-podderzhki/61,молочное скотоводство,,specific,needs_review,0
222,svoefermerstvo_federal,measure,Субсидия на поддержку собственного производства молока,,Субсидия,https://svoefermerstvo.ru/mery-podderzhki/62,Курской области,,,,no_deadline,[],https://svoefermerstvo.ru/mery-podderzhki/62,молочное скотоводство,,specific,needs_review,0
223,svoefermerstvo_federal,measure,Субсидии на поддержку элитного семеноводства,,Субсидия,https://svoefermerstvo.ru/mery-podderzhki/58,Курской области,,,,no_deadline,[],https://svoefermerstvo.ru/mery-podderzhki/58,семеноводство,,specific,needs_review,0
224,svoefermerstvo_federal,measure,Субсидии на производство зерновых культур,,Субсидия,https://svoefermerstvo.ru/mery-podderzhki/60,Курской области,,,,no_deadline,[],https://svoefermerstvo.ru/mery-podderzhki/60,зерновые,,specific,needs_review,0
225,svoefermerstvo_federal,measure,Поддержка деятельности сельских пекарен,,Иная поддержка,https://svoefermerstvo.ru/mery-podderzhki/59,,,,,no_deadline,[],https://svoefermerstvo.ru/mery-podderzhki/59,,,unknown,needs_review,0
226,svoefermerstvo_federal,measure,Субсидии на стимулирование производства масличных культур,,Субсидия,https://svoefermerstvo.ru/mery-podderzhki/78,Кемеровской области,,,,no_deadline,[],https://svoefermerstvo.ru/mery-podderzhki/78,масличные,,specific,needs_review,0
227,svoefermerstvo_federal,measure,Субсидии на ускоренное развитие товарного рыбоводства,,Субсидия,https://svoefermerstvo.ru/mery-podderzhki/79,Кемеровской области,,,,no_deadline,[],https://svoefermerstvo.ru/mery-podderzhki/79,рыбоводство,,specific,needs_review,0
228,svoefermerstvo_federal,measure,Субсидия на поддержку собственного производства молока,,Субсидия,https://svoefermerstvo.ru/mery-podderzhki/80,Кемеровской области,,,,no_deadline,[],https://svoefermerstvo.ru/mery-podderzhki/80,молочное скотоводство,,specific,needs_review,0
229,svoefermerstvo_federal,measure,Субсидия на поддержку племенного животноводства,,Субсидия,https://svoefermerstvo.ru/mery-podderzhki/63,Курской области,,,,no_deadline,[],https://svoefermerstvo.ru/mery-podderzhki/63,племенное животноводство,,specific,needs_review,0
230,svoefermerstvo_federal,measure,Субсидия на прирост производства овец на убой в живом весе,,Субсидия,https://svoefermerstvo.ru/mery-podderzhki/64,Курской области,,,,no_deadline,[],https://svoefermerstvo.ru/mery-podderzhki/64,,,unknown,needs_review,0
231,svoefermerstvo_federal,measure,Субсидия на овцеводство и козоводство,,Субсидия,https://svoefermerstvo.ru/mery-podderzhki/65,Курской области,,,,no_deadline,[],https://svoefermerstvo.ru/mery-podderzhki/65,"козоводство, овцеводство",,specific,needs_review,0
232,svoefermerstvo_federal,measure,Субсидия на закладку и уход за многолетними плодовыми и ягодными насаждениями,,Субсидия,https://svoefermerstvo.ru/mery-podderzhki/66,Курской области,,,,no_deadline,[],https://svoefermerstvo.ru/mery-podderzhki/66,"плодовые культуры, ягоды",,specific,needs_review,0
233,svoefermerstvo_federal,measure,Субсидии на уход за многолетними плодовыми и ягодными насаждениями,,Субсидия,https://svoefermerstvo.ru/mery-podderzhki/68,Волгоградской области,,,,no_deadline,[],https://svoefermerstvo.ru/mery-podderzhki/68,"плодовые культуры, ягоды",,specific,needs_review,0
234,svoefermerstvo_federal,measure,Субсидии на 1 килограмм реализованного и (или) отгруженного на собственную переработку молока,,Субсидия,https://svoefermerstvo.ru/mery-podderzhki/69,Волгоградской области,,,,no_deadline,[],https://svoefermerstvo.ru/mery-podderzhki/69,переработка молока,,specific,needs_review,0
235,svoefermerstvo_federal,measure,Субсидии на производство и реализацию зерновых культур,,Субсидия,https://svoefermerstvo.ru/mery-podderzhki/70,Волгоградской области,,,,no_deadline,[],https://svoefermerstvo.ru/mery-podderzhki/70,зерновые,,specific,needs_review,0
236,svoefermerstvo_federal,measure,"Субсидии на стимулирование увеличения производства картофеля, овощей и поддержку элитного семеноводства",,Субсидия,https://svoefermerstvo.ru/mery-podderzhki/81,Кемеровской области,,,,no_deadline,[],https://svoefermerstvo.ru/mery-podderzhki/81,"картофель, овощи, семеноводство",,specific,needs_review,0
237,svoefermerstvo_federal,measure,Субсидии на реализованное семя быков-производителей племенным предприятиям,,Субсидия,https://svoefermerstvo.ru/mery-podderzhki/82,Кемеровской области,,,,no_deadline,[],https://svoefermerstvo.ru/mery-podderzhki/82,животноводство,,specific,needs_review,0
238,svoefermerstvo_federal,measure,Субсидии на поддержку племенного животноводства,,Субсидия,https://svoefermerstvo.ru/mery-podderzhki/83,Кемеровской области,,,,no_deadline,[],https://svoefermerstvo.ru/mery-podderzhki/83,племенное животноводство,,specific,needs_review,0
239,svoefermerstvo_federal,measure,Субсидии на произведенную и реализованную продукцию животноводства,,Субсидия,https://svoefermerstvo.ru/mery-podderzhki/74,Волгоградской области,,,,no_deadline,[],https://svoefermerstvo.ru/mery-podderzhki/74,животноводство,,specific,needs_review,0
240,svoefermerstvo_federal,measure,"Субсидии на приобретение сельскохозяйственных животных, альтернативных свиноводству",,Субсидия,https://svoefermerstvo.ru/mery-podderzhki/75,Волгоградской области,,,,no_deadline,[],https://svoefermerstvo.ru/mery-podderzhki/75,животноводство,свиноводство,specific,needs_review,0
241,svoefermerstvo_federal,measure,Субсидии на содержание поголовья коз и овец,,Субсидия,https://svoefermerstvo.ru/mery-podderzhki/76,Волгоградской области,,,,no_deadline,[],https://svoefermerstvo.ru/mery-podderzhki/76,"козоводство, овцеводство",,specific,needs_review,0
242,svoefermerstvo_federal,measure,Субсидия на производство и реализацию рассады овощных культур,,Субсидия,https://svoefermerstvo.ru/mery-podderzhki/71,Волгоградской области,,,,no_deadline,[],https://svoefermerstvo.ru/mery-podderzhki/71,рассада и питомники,,specific,needs_review,0
243,svoefermerstvo_federal,measure,Субсидии на производство и реализацию хлеба и хлебобулочных изделий,,Субсидия,https://svoefermerstvo.ru/mery-podderzhki/72,Волгоградской области,,,,no_deadline,[],https://svoefermerstvo.ru/mery-podderzhki/72,,,unknown,needs_review,0
244,svoefermerstvo_federal,measure,Субсидии на приобретение племенного молодняка крупного рогатого скота и мелкого рогатого скота,,Субсидия,https://svoefermerstvo.ru/mery-podderzhki/73,Волгоградской области,,,,no_deadline,[],https://svoefermerstvo.ru/mery-podderzhki/73,,,unknown,needs_review,0
245,svoefermerstvo_federal,measure,Субсидии на проведение сезонных полевых работ,,Субсидия,https://svoefermerstvo.ru/mery-podderzhki/77,Кемеровской области,,,,no_deadline,[],https://svoefermerstvo.ru/mery-podderzhki/77,растениеводство,,specific,needs_review,0
246,svoefermerstvo_federal,measure,Субсидии на приобретение элитных семян,,Субсидия,https://svoefermerstvo.ru/mery-podderzhki/67,Волгоградской области,,,,no_deadline,[],https://svoefermerstvo.ru/mery-podderzhki/67,семеноводство,,specific,needs_review,0
247,svoefermerstvo_federal,measure,Субсидии на приобретение племенного молодняка животных,,Субсидия,https://svoefermerstvo.ru/mery-podderzhki/84,Ростовской области,,,,no_deadline,[],https://svoefermerstvo.ru/mery-podderzhki/84,,,unknown,needs_review,0
248,svoefermerstvo_federal,measure,Субсидии на содержание племенного маточного поголовья рыбы,,Субсидия,https://svoefermerstvo.ru/mery-podderzhki/104,Липецкой области,,,,no_deadline,[],https://svoefermerstvo.ru/mery-podderzhki/104,рыбоводство,,specific,needs_review,0
249,svoefermerstvo_federal,measure,Субсидии на приобретение маточного товарного поголовья КРС мясных пород,,Субсидия,https://svoefermerstvo.ru/mery-podderzhki/105,Липецкой области,,,,no_deadline,[],https://svoefermerstvo.ru/mery-podderzhki/105,,,unknown,needs_review,0
250,svoefermerstvo_federal,measure,Субсидии на производство овощей защищенного грунта с применением технологии досвечивания,,Субсидия,https://svoefermerstvo.ru/mery-podderzhki/106,Липецкой области,,,,no_deadline,[],https://svoefermerstvo.ru/mery-podderzhki/106,тепличное хозяйство,,specific,needs_review,0
251,svoefermerstvo_federal,measure,Субсидии на поддержку производства картофеля и овощей открытого грунта,,Субсидия,https://svoefermerstvo.ru/mery-podderzhki/107,Липецкой области,,,,no_deadline,[],https://svoefermerstvo.ru/mery-podderzhki/107,"картофель, овощи",,specific,needs_review,0
252,svoefermerstvo_federal,measure,Субсидии на развитие производства пищевого яйца,,Субсидия,https://svoefermerstvo.ru/mery-podderzhki/96,Пензенской области,,,,no_deadline,[],https://svoefermerstvo.ru/mery-podderzhki/96,пищевые яйца,,specific,needs_review,0
253,svoefermerstvo_federal,measure,"Субсидии на строительство, реконструкцию и модернизацию площадок сахарной свеклы",,Субсидия,https://svoefermerstvo.ru/mery-podderzhki/97,Пензенской области,,,,no_deadline,[],https://svoefermerstvo.ru/mery-podderzhki/97,,,unknown,needs_review,0
254,svoefermerstvo_federal,measure,Субсидии на поддержку мясного скотоводства и оленеводства,,Субсидия,https://svoefermerstvo.ru/mery-podderzhki/98,Пензенской области,,,,no_deadline,[],https://svoefermerstvo.ru/mery-podderzhki/98,мясное скотоводство,,specific,needs_review,0
255,svoefermerstvo_federal,measure,Субсидии на производство и реализацию зерновых культур,,Субсидия,https://svoefermerstvo.ru/mery-podderzhki/99,Свердловской области,,,,no_deadline,[],https://svoefermerstvo.ru/mery-podderzhki/99,зерновые,,specific,needs_review,0
256,svoefermerstvo_federal,measure,Субсидии на содержание маточного поголовья овец и коз,,Субсидия,https://svoefermerstvo.ru/mery-podderzhki/92,,,,,no_deadline,[],https://svoefermerstvo.ru/mery-podderzhki/92,"козоводство, овцеводство",,specific,needs_review,0
257,svoefermerstvo_federal,measure,Субсидии на производство шерсти,,Субсидия,https://svoefermerstvo.ru/mery-podderzhki/93,,,,,no_deadline,[],https://svoefermerstvo.ru/mery-podderzhki/93,овцеводство,,specific,needs_review,0
258,svoefermerstvo_federal,measure,Субсидии на элитное семеноводство,,Субсидия,https://svoefermerstvo.ru/mery-podderzhki/94,,,,,no_deadline,[],https://svoefermerstvo.ru/mery-podderzhki/94,семеноводство,,specific,needs_review,0
259,svoefermerstvo_federal,measure,Субсидии на поддержку молочного животноводства,,Субсидия,https://svoefermerstvo.ru/mery-podderzhki/95,Пензенской области,,,,no_deadline,[],https://svoefermerstvo.ru/mery-podderzhki/95,,,unknown,needs_review,0
260,svoefermerstvo_federal,measure,Субсидии предприятиям хлебопекарной промышленности,,Субсидия,https://svoefermerstvo.ru/mery-podderzhki/108,Омской области,,,,no_deadline,[],https://svoefermerstvo.ru/mery-podderzhki/108,,,unknown,needs_review,0
261,svoefermerstvo_federal,measure,Субсидии на поддержку племенного поголовья сельскохозяйственных животных,,Субсидия,https://svoefermerstvo.ru/mery-podderzhki/109,Омской области,,,,no_deadline,[],https://svoefermerstvo.ru/mery-podderzhki/109,,,unknown,needs_review,0
262,svoefermerstvo_federal,measure,Субсидии на приобретение кормов для сельскохозяйственных животных и птицы,,Субсидия,https://svoefermerstvo.ru/mery-podderzhki/110,Омской области,,,,no_deadline,[],https://svoefermerstvo.ru/mery-podderzhki/110,животноводство,,specific,needs_review,0
263,svoefermerstvo_federal,measure,Субсидии на поддержку собственного производства молока,,Субсидия,https://svoefermerstvo.ru/mery-podderzhki/111,Омской области,,,,no_deadline,[],https://svoefermerstvo.ru/mery-podderzhki/111,молочное скотоводство,,specific,needs_review,0
264,svoefermerstvo_federal,measure,Субсидии на производство мяса крупного и мелкого рогатого скота для перерабатывающих предприятий,,Субсидия,https://svoefermerstvo.ru/mery-podderzhki/88,Ростовской области,,,,no_deadline,[],https://svoefermerstvo.ru/mery-podderzhki/88,,,unknown,needs_review,0
265,svoefermerstvo_federal,measure,Субсидии на производство и реализацию продукции аквакультуры,,Субсидия,https://svoefermerstvo.ru/mery-podderzhki/89,Ростовской области,,,,no_deadline,[],https://svoefermerstvo.ru/mery-podderzhki/89,рыбоводство,,specific,needs_review,0
266,svoefermerstvo_federal,measure,Субсидии на поддержку производства картофеля и овощей открытого грунта,,Субсидия,https://svoefermerstvo.ru/mery-podderzhki/90,Ростовской области,,,,no_deadline,[],https://svoefermerstvo.ru/mery-podderzhki/90,"картофель, овощи",,specific,needs_review,0
267,svoefermerstvo_federal,measure,Субсидии на приобретение племенного молодняка крупного рогатого скота молочного направления,,Субсидия,https://svoefermerstvo.ru/mery-podderzhki/85,Ростовской области,,,,no_deadline,[],https://svoefermerstvo.ru/mery-podderzhki/85,,,unknown,needs_review,0
268,svoefermerstvo_federal,measure,"Субсидии на развитие мясного животноводства, за исключением племенных животных",,Субсидия,https://svoefermerstvo.ru/mery-podderzhki/86,Ростовской области,,,,no_deadline,[],https://svoefermerstvo.ru/mery-podderzhki/86,,племенное животноводство,unknown,needs_review,0
269,svoefermerstvo_federal,measure,Субсидии на поддержку молочного животноводства,,Субсидия,https://svoefermerstvo.ru/mery-podderzhki/87,Ростовской области,,,,no_deadline,[],https://svoefermerstvo.ru/mery-podderzhki/87,,,unknown,needs_review,0
270,svoefermerstvo_federal,measure,Субсидии на собственное производство молока,,Субсидия,https://svoefermerstvo.ru/mery-podderzhki/100,Свердловской области,,,,no_deadline,[],https://svoefermerstvo.ru/mery-podderzhki/100,молочное скотоводство,,specific,needs_review,0
271,svoefermerstvo_federal,measure,Субсидии на стимулирование увеличения производства картофеля и овощей,,Субсидия,https://svoefermerstvo.ru/mery-podderzhki/101,Свердловской области,,,,no_deadline,[],https://svoefermerstvo.ru/mery-podderzhki/101,"картофель, овощи",,specific,needs_review,0
272,svoefermerstvo_federal,measure,Субсидии на производство масличных сельскохозяйственных культур (за исключением рапса и сои),,Субсидия,https://svoefermerstvo.ru/mery-podderzhki/102,Свердловской области,,,,no_deadline,[],https://svoefermerstvo.ru/mery-podderzhki/102,масличные,,specific,needs_review,0
273,svoefermerstvo_federal,measure,Альтернатива свиноводству,,Субсидия,https://svoefermerstvo.ru/mery-podderzhki/91,,,,,no_deadline,[],https://svoefermerstvo.ru/mery-podderzhki/91,животноводство,свиноводство,specific,needs_review,0
274,svoefermerstvo_federal,measure,Субсидии на закупку ячменя для переработки,,Субсидия,https://svoefermerstvo.ru/mery-podderzhki/114,Омской области,,,,no_deadline,[],https://svoefermerstvo.ru/mery-podderzhki/114,зерновые,,specific,needs_review,0
275,svoefermerstvo_federal,measure,Субсидии для ЛПХ на приобретение товарного и племенного поголовья нетелей и первотелок,,Субсидия,https://svoefermerstvo.ru/mery-podderzhki/115,,,,2023-10-09,found,"[{'chunk': 1, 'quote': 'Министерство сельского хозяйства и продовольствия Республики Татарстан объявило конкурсный отбор для ЛПХ на приобретение товарного и племенного поголовья нетелей и первотелок с 25 сентября по 9 октября 2023 года.', 'start': None, 'source': 'terms', 'deadline': '2023-10-09'}]",https://svoefermerstvo.ru/mery-podderzhki/115,,,unknown,needs_review,0
276,svoefermerstvo_federal,measure,Возмещение части затрат на развитие семеноводства,,Компенсация,https://svoefermerstvo.ru/mery-podderzhki/116,,,2023-09-22,2023-10-10,found,"[{'chunk': 1, 'quote': 'Дата начала приема заявок: 22 сентября 2023 года. Дата окончания приема заявок: 10 октября 2023 года.', 'start': '2023-09-22', 'source': 'terms', 'deadline': '2023-10-10'}]",https://svoefermerstvo.ru/mery-podderzhki/116,"зернобобовые, зерновые, картофель, кормовые культуры, семеноводство",,specific,needs_review,0
277,svoefermerstvo_federal,measure,Субсидии на приобретение минеральных удобрений,,Субсидия,https://svoefermerstvo.ru/mery-podderzhki/117,,,,,no_deadline,[],https://svoefermerstvo.ru/mery-podderzhki/117,растениеводство,,specific,needs_review,0
278,svoefermerstvo_federal,measure,Поддержка производства КРС на убой,,Субсидия,https://svoefermerstvo.ru/mery-podderzhki/118,,,,,no_deadline,[],https://svoefermerstvo.ru/mery-podderzhki/118,,,unknown,needs_review,0
279,svoefermerstvo_federal,measure,Поддержка развития виноградарства и виноделия,,Субсидия,https://svoefermerstvo.ru/mery-podderzhki/119,,,,,no_deadline,[],https://svoefermerstvo.ru/mery-podderzhki/119,,,unknown,needs_review,0
280,svoefermerstvo_federal,measure,Субсидии на приобретение племенных животных (кроме импорта),,Субсидия,https://svoefermerstvo.ru/mery-podderzhki/120,,,,,no_deadline,[],https://svoefermerstvo.ru/mery-podderzhki/120,племенное животноводство,,specific,needs_review,0
281,svoefermerstvo_federal,measure,Субсидии на собственную переработку коровьего или козьего молока,,Субсидия,https://svoefermerstvo.ru/mery-podderzhki/121,,,,,no_deadline,[],https://svoefermerstvo.ru/mery-podderzhki/121,,,unknown,needs_review,0
282,svoefermerstvo_federal,measure,Субсидии на приобретение племенного молодняка,,Субсидия,https://svoefermerstvo.ru/mery-podderzhki/138,Саратовской области,,,,no_deadline,[],https://svoefermerstvo.ru/mery-podderzhki/138,,,unknown,needs_review,0
283,svoefermerstvo_federal,measure,Субсидии производителям зерновых культур,,Субсидия,https://svoefermerstvo.ru/mery-podderzhki/139,Саратовской области,,,,no_deadline,[],https://svoefermerstvo.ru/mery-podderzhki/139,зерновые,,specific,needs_review,0
284,svoefermerstvo_federal,measure,Субсидии на производство картофеля и овощей,,Субсидия,https://svoefermerstvo.ru/mery-podderzhki/140,Саратовской области,,,,no_deadline,[],https://svoefermerstvo.ru/mery-podderzhki/140,"картофель, овощи",,specific,needs_review,0
285,svoefermerstvo_federal,measure,Субсидии на развитие свеклосахарной отрасли,,Субсидия,https://svoefermerstvo.ru/mery-podderzhki/141,Воронежской области,,,,no_deadline,[],https://svoefermerstvo.ru/mery-podderzhki/141,,,unknown,needs_review,0
286,svoefermerstvo_federal,measure,"Субсидия для организаций АПК на переработку молока крупного рогатого скота, козьего и овечьего",,Субсидия,https://svoefermerstvo.ru/mery-podderzhki/122,,,,,no_deadline,[],https://svoefermerstvo.ru/mery-podderzhki/122,"молочное скотоводство, переработка молока",,specific,needs_review,0
287,svoefermerstvo_federal,measure,"Субсидия на производство крупного рогатого скота, направленного на убой",,Субсидия,https://svoefermerstvo.ru/mery-podderzhki/123,,,,,no_deadline,[],https://svoefermerstvo.ru/mery-podderzhki/123,,,unknown,needs_review,0
288,svoefermerstvo_federal,measure,Субсидии на стимулирование увеличения производства картофеля и овощей,,Субсидия,https://svoefermerstvo.ru/mery-podderzhki/124,,,,,no_deadline,[],https://svoefermerstvo.ru/mery-podderzhki/124,"картофель, овощи",,specific,needs_review,0
289,svoefermerstvo_federal,measure,Субсидии на содержание племенных животных,,Субсидия,https://svoefermerstvo.ru/mery-podderzhki/125,,,,,no_deadline,[],https://svoefermerstvo.ru/mery-podderzhki/125,животноводство,,specific,needs_review,0
290,svoefermerstvo_federal,measure,Субсидии на поддержку собственного производства молока,,Субсидия,https://svoefermerstvo.ru/mery-podderzhki/126,Орловской области,,,,no_deadline,[],https://svoefermerstvo.ru/mery-podderzhki/126,молочное скотоводство,,specific,needs_review,0
291,svoefermerstvo_federal,measure,Субсидии на обеспечение прироста продукции животноводства,,Субсидия,https://svoefermerstvo.ru/mery-podderzhki/127,Орловской области,,,,no_deadline,[],https://svoefermerstvo.ru/mery-podderzhki/127,животноводство,,specific,needs_review,0
292,svoefermerstvo_federal,measure,Стимулирование увеличения производства картофеля и овощей,,Иная поддержка,https://svoefermerstvo.ru/mery-podderzhki/129,Орловской области,,,,no_deadline,[],https://svoefermerstvo.ru/mery-podderzhki/129,"картофель, овощи",,specific,needs_review,0
293,svoefermerstvo_federal,measure,Развитие молочного скотоводства,,Субсидия,https://svoefermerstvo.ru/mery-podderzhki/130,Орловской области,,,,no_deadline,[],https://svoefermerstvo.ru/mery-podderzhki/130,молочное скотоводство,,specific,needs_review,0
294,svoefermerstvo_federal,measure,Субсидии на поддержку племенного животноводства,,Субсидия,https://svoefermerstvo.ru/mery-podderzhki/131,Орловской области,,,,no_deadline,[],https://svoefermerstvo.ru/mery-podderzhki/131,племенное животноводство,,specific,needs_review,0
295,svoefermerstvo_federal,measure,Субсидии на стимулирование развития приоритетных подотраслей АПК в области растениеводства,,Субсидия,https://svoefermerstvo.ru/mery-podderzhki/135,Саратовской области,,,,no_deadline,[],https://svoefermerstvo.ru/mery-podderzhki/135,"плодовые культуры, растениеводство",,specific,needs_review,0
296,svoefermerstvo_federal,measure,Субсидии на поддержку производства шерсти,,Субсидия,https://svoefermerstvo.ru/mery-podderzhki/136,Саратовской области,,,,no_deadline,[],https://svoefermerstvo.ru/mery-podderzhki/136,овцеводство,,specific,needs_review,0
297,svoefermerstvo_federal,measure,Субсидии для производства масличных культур,,Субсидия,https://svoefermerstvo.ru/mery-podderzhki/137,Саратовской области,,,,no_deadline,[],https://svoefermerstvo.ru/mery-podderzhki/137,масличные,,specific,needs_review,0
298,svoefermerstvo_federal,measure,Субсидии на поддержку элитного семеноводства,,Субсидия,https://svoefermerstvo.ru/mery-podderzhki/132,Орловской области,,,,no_deadline,[],https://svoefermerstvo.ru/mery-podderzhki/132,"картофель, овощи, семеноводство",,specific,needs_review,0
299,svoefermerstvo_federal,measure,Субсидии на развитие птицеводства,,Субсидия,https://svoefermerstvo.ru/mery-podderzhki/133,Саратовской области,,,,no_deadline,[],https://svoefermerstvo.ru/mery-podderzhki/133,птицеводство,,specific,needs_review,0
300,svoefermerstvo_federal,measure,Субсидии на развитие товарной аквакультуры,,Субсидия,https://svoefermerstvo.ru/mery-podderzhki/134,Саратовской области,,,2023-10-25,found,"[{'chunk': 1, 'quote': 'Один из этапов отбора проводится с 16 октября по 25 октября 2023 года.', 'start': None, 'source': 'terms', 'deadline': '2023-10-25'}]",https://svoefermerstvo.ru/mery-podderzhki/134,рыбоводство,,specific,needs_review,0
301,svoefermerstvo_federal,measure,Субсидии на стимулирование производства масличных культур,,Субсидия,https://svoefermerstvo.ru/mery-podderzhki/112,Омской области,,,,no_deadline,[],https://svoefermerstvo.ru/mery-podderzhki/112,масличные,,specific,needs_review,0
302,svoefermerstvo_federal,measure,Субсидии на приобретение элитных семян,,Субсидия,https://svoefermerstvo.ru/mery-podderzhki/113,Омской области,,,,no_deadline,[],https://svoefermerstvo.ru/mery-podderzhki/113,семеноводство,,specific,needs_review,0
303,svoefermerstvo_federal,measure,Субсидии на закладку и уход за многолетними насаждениями,,Субсидия,https://svoefermerstvo.ru/mery-podderzhki/103,Свердловской области,,,,no_deadline,[],https://svoefermerstvo.ru/mery-podderzhki/103,"плодовые культуры, ягоды",,specific,needs_review,0
304,svoefermerstvo_federal,measure,"Субсидии на производство шерсти, полученной от тонкорунных и полутонкорунных пород овец",,Субсидия,https://svoefermerstvo.ru/mery-podderzhki/158,Астраханской области,,,,no_deadline,[],https://svoefermerstvo.ru/mery-podderzhki/158,овцеводство,,specific,needs_review,0
305,svoefermerstvo_federal,measure,Субсидии на племенное животноводство,,Субсидия,https://svoefermerstvo.ru/mery-podderzhki/159,Астраханской области,,,,no_deadline,[],https://svoefermerstvo.ru/mery-podderzhki/159,племенное животноводство,,specific,needs_review,0
306,svoefermerstvo_federal,measure,Субсидии на развитие птицеводства,,Субсидия,https://svoefermerstvo.ru/mery-podderzhki/160,Астраханской области,,,,no_deadline,[],https://svoefermerstvo.ru/mery-podderzhki/160,птицеводство,,specific,needs_review,0
307,svoefermerstvo_federal,measure,Поддержка элитного семеноводства,,Иная поддержка,https://svoefermerstvo.ru/mery-podderzhki/161,Белгородской области,,,,no_deadline,[],https://svoefermerstvo.ru/mery-podderzhki/161,"растениеводство, семеноводство",,specific,needs_review,0
308,svoefermerstvo_federal,measure,Субсидии на поддержку собственного производства молока,,Субсидия,https://svoefermerstvo.ru/mery-podderzhki/162,Белгородской области,,,,no_deadline,[],https://svoefermerstvo.ru/mery-podderzhki/162,молочное скотоводство,,specific,needs_review,0
309,svoefermerstvo_federal,measure,Субсидии на поддержку товарного рыбоводства,,Субсидия,https://svoefermerstvo.ru/mery-podderzhki/153,,,,,no_deadline,[],https://svoefermerstvo.ru/mery-podderzhki/153,рыбоводство,,specific,needs_review,0
310,svoefermerstvo_federal,measure,Субсидии на поддержку элитного семеноводства,,Субсидия,https://svoefermerstvo.ru/mery-podderzhki/154,,,,,no_deadline,[],https://svoefermerstvo.ru/mery-podderzhki/154,семеноводство,,specific,needs_review,0
311,svoefermerstvo_federal,measure,Субсидии на поддержку отдельных подотраслей растениеводства,,Субсидия,https://svoefermerstvo.ru/mery-podderzhki/155,Астраханской области,,,,no_deadline,[],https://svoefermerstvo.ru/mery-podderzhki/155,"овощи, растениеводство, ягоды",,specific,needs_review,0
312,svoefermerstvo_federal,measure,Субсидии на стимулирование увеличения производства картофеля и овощей,,Субсидия,https://svoefermerstvo.ru/mery-podderzhki/156,Астраханской области,,,,no_deadline,[],https://svoefermerstvo.ru/mery-podderzhki/156,"картофель, овощи",,specific,needs_review,0
313,svoefermerstvo_federal,measure,Поддержка в сфере аквакультуры,,Субсидия,https://svoefermerstvo.ru/mery-podderzhki/157,Астраханской области,,,,no_deadline,[],https://svoefermerstvo.ru/mery-podderzhki/157,рыбоводство,,specific,needs_review,0
314,svoefermerstvo_federal,measure,Субсидии на поддержку племенного животноводства,,Субсидия,https://svoefermerstvo.ru/mery-podderzhki/163,Белгородской области,,,,no_deadline,[],https://svoefermerstvo.ru/mery-podderzhki/163,племенное животноводство,,specific,needs_review,0
315,svoefermerstvo_federal,measure,Субсидии на содержание коров специализированных мясных пород,,Субсидия,https://svoefermerstvo.ru/mery-podderzhki/164,Белгородской области,,,,no_deadline,[],https://svoefermerstvo.ru/mery-podderzhki/164,,,unknown,needs_review,0
316,svoefermerstvo_federal,measure,Субсидии производителям зерновых культур,,Субсидия,https://svoefermerstvo.ru/mery-podderzhki/165,Белгородской области,,,,no_deadline,[],https://svoefermerstvo.ru/mery-podderzhki/165,зерновые,,specific,needs_review,0
317,svoefermerstvo_federal,measure,Поддержка элитного семеноводства,,Иная поддержка,https://svoefermerstvo.ru/mery-podderzhki/166,Брянской области,,,,no_deadline,[],https://svoefermerstvo.ru/mery-podderzhki/166,"растениеводство, семеноводство",,specific,needs_review,0
318,svoefermerstvo_federal,measure,Субсидии на производство животноводческой продукции,,Субсидия,https://svoefermerstvo.ru/mery-podderzhki/148,,,,,no_deadline,[],https://svoefermerstvo.ru/mery-podderzhki/148,животноводство,,specific,needs_review,0
319,svoefermerstvo_federal,measure,Субсидии на содержание маточного поголовья сельскохозяйственных животных,,Субсидия,https://svoefermerstvo.ru/mery-podderzhki/149,,,,,no_deadline,[],https://svoefermerstvo.ru/mery-podderzhki/149,животноводство,,specific,needs_review,0
320,svoefermerstvo_federal,measure,Субсидии на производство овощей защищенного грунта,,Субсидия,https://svoefermerstvo.ru/mery-podderzhki/150,,,,,no_deadline,[],https://svoefermerstvo.ru/mery-podderzhki/150,тепличное хозяйство,,specific,needs_review,0
321,svoefermerstvo_federal,measure,Субсидии на производство молока,,Субсидия,https://svoefermerstvo.ru/mery-podderzhki/151,,,,,no_deadline,[],https://svoefermerstvo.ru/mery-podderzhki/151,молочное скотоводство,,specific,needs_review,0
322,svoefermerstvo_federal,measure,Субсидии на поддержку племенного животноводства,,Субсидия,https://svoefermerstvo.ru/mery-podderzhki/152,,,,,no_deadline,[],https://svoefermerstvo.ru/mery-podderzhki/152,племенное животноводство,,specific,needs_review,0
323,svoefermerstvo_federal,measure,Агрохимическое обследование сельскохозяйственных земель,,Субсидия,https://svoefermerstvo.ru/mery-podderzhki/170,Брянской области,,,,no_deadline,[],https://svoefermerstvo.ru/mery-podderzhki/170,,,all,needs_review,0
324,svoefermerstvo_federal,measure,Субсидии на приобретение племенного поголовья крупного рогатого скота,,Субсидия,https://svoefermerstvo.ru/mery-podderzhki/171,Владимирской области,,,,no_deadline,[],https://svoefermerstvo.ru/mery-podderzhki/171,,,unknown,needs_review,0
325,svoefermerstvo_federal,measure,Субсидии на производство плодов и ягод,,Субсидия,https://svoefermerstvo.ru/mery-podderzhki/172,Владимирской области,,,,no_deadline,[],https://svoefermerstvo.ru/mery-podderzhki/172,ягоды,,specific,needs_review,0
326,svoefermerstvo_federal,measure,"Субсидии на производство капусты, свеклы, моркови и лука",,Субсидия,https://svoefermerstvo.ru/mery-podderzhki/173,Владимирской области,,,,no_deadline,[],https://svoefermerstvo.ru/mery-podderzhki/173,овощи,,specific,needs_review,0
327,svoefermerstvo_federal,measure,Субсидии на поддержку животноводства,,Субсидия,https://svoefermerstvo.ru/mery-podderzhki/167,Брянской области,,,,no_deadline,[],https://svoefermerstvo.ru/mery-podderzhki/167,животноводство,,specific,needs_review,0
328,svoefermerstvo_federal,measure,Поддержка производства масличных культур,,Субсидия,https://svoefermerstvo.ru/mery-podderzhki/168,Брянской области,,,,no_deadline,[],https://svoefermerstvo.ru/mery-podderzhki/168,масличные,,specific,needs_review,0
329,svoefermerstvo_federal,measure,Поддержка многолетних насаждений,,Субсидия,https://svoefermerstvo.ru/mery-podderzhki/169,Брянской области,,,,no_deadline,[],https://svoefermerstvo.ru/mery-podderzhki/169,,,unknown,needs_review,0
330,svoefermerstvo_federal,measure,Субсидии на приобретение племенных животных (племенной молодняк лошадей),,Субсидия,https://svoefermerstvo.ru/mery-podderzhki/146,Воронежской области,,,,no_deadline,[],https://svoefermerstvo.ru/mery-podderzhki/146,коневодство,,specific,needs_review,0
331,svoefermerstvo_federal,measure,Субсидии на приобретение племенных животных (племенные хряки),,Субсидия,https://svoefermerstvo.ru/mery-podderzhki/147,Воронежской области,,,,no_deadline,[],https://svoefermerstvo.ru/mery-podderzhki/147,,,unknown,needs_review,0
332,svoefermerstvo_federal,measure,Субсидии на поддержку рыбоводства,,Субсидия,https://svoefermerstvo.ru/mery-podderzhki/144,Воронежской области,,,,no_deadline,[],https://svoefermerstvo.ru/mery-podderzhki/144,рыбоводство,,specific,needs_review,0
333,svoefermerstvo_federal,measure,Субсидии на приобретение сельскохозяйственных животных,,Субсидия,https://svoefermerstvo.ru/mery-podderzhki/145,Воронежской области,,,,no_deadline,[],https://svoefermerstvo.ru/mery-podderzhki/145,животноводство,,specific,needs_review,0
334,svoefermerstvo_federal,measure,Субсидии на производство семян,,Субсидия,https://svoefermerstvo.ru/mery-podderzhki/142,Воронежской области,,,,no_deadline,[],https://svoefermerstvo.ru/mery-podderzhki/142,"растениеводство, семеноводство",,specific,needs_review,0
335,svoefermerstvo_federal,measure,Субсидии на развитие производства органической продукции,,Субсидия,https://svoefermerstvo.ru/mery-podderzhki/143,Воронежской области,,,,no_deadline,[],https://svoefermerstvo.ru/mery-podderzhki/143,,,unknown,needs_review,0
336,svoefermerstvo_federal,measure,Субсидии производителям картофеля и овощей открытого грунта,,Субсидия,https://svoefermerstvo.ru/mery-podderzhki/190,Иркутской области,,,,no_deadline,[],https://svoefermerstvo.ru/mery-podderzhki/190,"картофель, овощи",,specific,needs_review,0
337,svoefermerstvo_federal,measure,"Субсидии на производство и реализацию крупного рогатого скота, овец, коз, лошадей и индейки (на убой)",,Субсидия,https://svoefermerstvo.ru/mery-podderzhki/191,Иркутской области,,,,no_deadline,[],https://svoefermerstvo.ru/mery-podderzhki/191,коневодство,,specific,needs_review,0
338,svoefermerstvo_federal,measure,Субсидии на приобретение молодняка крупного рогатого скота для откорма,,Субсидия,https://svoefermerstvo.ru/mery-podderzhki/192,Иркутской области,,,,no_deadline,[],https://svoefermerstvo.ru/mery-podderzhki/192,,,unknown,needs_review,0
339,svoefermerstvo_federal,measure,Субсидии на переработку молока,,Субсидия,https://svoefermerstvo.ru/mery-podderzhki/193,Иркутской области,,,,no_deadline,[],https://svoefermerstvo.ru/mery-podderzhki/193,переработка молока,,specific,needs_review,0
340,svoefermerstvo_federal,measure,Субсидии на производство продукции растениеводства в открытом грунте,,Субсидия,https://svoefermerstvo.ru/mery-podderzhki/194,Калининградской области,,,,no_deadline,[],https://svoefermerstvo.ru/mery-podderzhki/194,"растениеводство, ягоды",,specific,needs_review,0
341,svoefermerstvo_federal,measure,Субсидии на агрохимическое обследование сельхозугодий,,Субсидия,https://svoefermerstvo.ru/mery-podderzhki/195,Калининградской области,,,,no_deadline,[],https://svoefermerstvo.ru/mery-podderzhki/195,,,unknown,needs_review,0
342,svoefermerstvo_federal,measure,Субсидии на фитосанитарное обследование посевов сельхозкультур,,Субсидия,https://svoefermerstvo.ru/mery-podderzhki/196,Калининградской области,,,,no_deadline,[],https://svoefermerstvo.ru/mery-podderzhki/196,,,unknown,needs_review,0
343,svoefermerstvo_federal,measure,Субсидии на выращивание картофеля и овощей открытого грунта,,Субсидия,https://svoefermerstvo.ru/mery-podderzhki/197,Калининградской области,,,,no_deadline,[],https://svoefermerstvo.ru/mery-podderzhki/197,"картофель, овощи",,specific,needs_review,0
344,svoefermerstvo_federal,measure,Субсидии на производство продукции растениеводства в защищенном грунте,,Субсидия,https://svoefermerstvo.ru/mery-podderzhki/198,Калининградской области,,,,no_deadline,[],https://svoefermerstvo.ru/mery-podderzhki/198,тепличное хозяйство,,specific,needs_review,0
345,svoefermerstvo_federal,measure,Субсидии на содержание товарного маточного поголовья КРС молочных пород и овец,,Субсидия,https://svoefermerstvo.ru/mery-podderzhki/199,Калининградской области,,,,no_deadline,[],https://svoefermerstvo.ru/mery-podderzhki/199,овцеводство,,specific,needs_review,0
346,svoefermerstvo_federal,measure,Субсидии на семя племенных быков,,Субсидия,https://svoefermerstvo.ru/mery-podderzhki/200,Калининградской области,,,,no_deadline,[],https://svoefermerstvo.ru/mery-podderzhki/200,,,unknown,needs_review,0
347,svoefermerstvo_federal,measure,Субсидии на приобретение племенного молодняка сельскохозяйственных животных,,Субсидия,https://svoefermerstvo.ru/mery-podderzhki/201,Калининградской области,,,,no_deadline,[],https://svoefermerstvo.ru/mery-podderzhki/201,,,unknown,needs_review,0
348,svoefermerstvo_federal,measure,Субсидии на развитие мясного скотоводства,,Субсидия,https://svoefermerstvo.ru/mery-podderzhki/206,Калужской области,,,,no_deadline,[],https://svoefermerstvo.ru/mery-podderzhki/206,мясное скотоводство,,specific,needs_review,0
349,svoefermerstvo_federal,measure,Субсидии на производство и реализацию зерновых культур,,Субсидия,https://svoefermerstvo.ru/mery-podderzhki/174,Владимирской области,,,,no_deadline,[],https://svoefermerstvo.ru/mery-podderzhki/174,зерновые,,specific,needs_review,0
350,svoefermerstvo_federal,measure,Субсидии на стимулирование увеличения производства картофеля и овощей,,Субсидия,https://svoefermerstvo.ru/mery-podderzhki/175,Владимирской области,,,,no_deadline,[],https://svoefermerstvo.ru/mery-podderzhki/175,"картофель, овощи",,specific,needs_review,0
351,svoefermerstvo_federal,measure,Субсидии на производство товаров аквакультуры и рыбопосадочного материала,,Субсидия,https://svoefermerstvo.ru/mery-podderzhki/176,Владимирской области,,,,no_deadline,[],https://svoefermerstvo.ru/mery-podderzhki/176,рыбоводство,,specific,needs_review,0
352,svoefermerstvo_federal,measure,Субсидии на реализацию с откорма на убой скота и птицы,,Субсидия,https://svoefermerstvo.ru/mery-podderzhki/177,Владимирской области,,,,no_deadline,[],https://svoefermerstvo.ru/mery-podderzhki/177,"кролиководство, овцеводство, птицеводство",,specific,needs_review,0
353,svoefermerstvo_federal,measure,Субсидии на поддержку производства и реализации молока,,Субсидия,https://svoefermerstvo.ru/mery-podderzhki/178,,,,,no_deadline,[],https://svoefermerstvo.ru/mery-podderzhki/178,молочное скотоводство,,specific,needs_review,0
354,svoefermerstvo_federal,measure,Субсидии на производство и реализацию зерновых культур,,Субсидия,https://svoefermerstvo.ru/mery-podderzhki/186,Ивановской области,,,,no_deadline,[],https://svoefermerstvo.ru/mery-podderzhki/186,зерновые,,specific,needs_review,0
355,svoefermerstvo_federal,measure,Субсидии на производство льна-долгунца и технической конопли,,Субсидия,https://svoefermerstvo.ru/mery-podderzhki/187,Ивановской области,,,,no_deadline,[],https://svoefermerstvo.ru/mery-podderzhki/187,"лён, техническая конопля",,specific,needs_review,0
356,svoefermerstvo_federal,measure,Субсидии на стимулирование увеличения производства картофеля и овощей,,Субсидия,https://svoefermerstvo.ru/mery-podderzhki/188,Ивановской области,,,,no_deadline,[],https://svoefermerstvo.ru/mery-podderzhki/188,"картофель, овощи",,specific,needs_review,0
357,svoefermerstvo_federal,measure,Субсидии на производство и реализацию зерновых культур,,Субсидия,https://svoefermerstvo.ru/mery-podderzhki/189,Иркутской области,,,,no_deadline,[],https://svoefermerstvo.ru/mery-podderzhki/189,зерновые,,specific,needs_review,0
358,svoefermerstvo_federal,measure,Субсидии на оплату услуг научных организаций по производству исходного материала и оригинального семенного картофеля,,Субсидия,https://svoefermerstvo.ru/mery-podderzhki/212,,,,,no_deadline,[],https://svoefermerstvo.ru/mery-podderzhki/212,"картофель, семеноводство",,specific,needs_review,0
359,svoefermerstvo_federal,measure,Субсидии на производство хлеба,,Субсидия,https://svoefermerstvo.ru/mery-podderzhki/213,,,,,no_deadline,[],https://svoefermerstvo.ru/mery-podderzhki/213,,,unknown,needs_review,0
360,svoefermerstvo_federal,measure,Субсидии на производство овощей открытого грунта,,Субсидия,https://svoefermerstvo.ru/mery-podderzhki/214,,,,,no_deadline,[],https://svoefermerstvo.ru/mery-podderzhki/214,овощи,,specific,needs_review,0
361,svoefermerstvo_federal,measure,Субсидии на убой сельскохозяйственных животных в специализированном месте,,Субсидия,https://svoefermerstvo.ru/mery-podderzhki/215,,,,,no_deadline,[],https://svoefermerstvo.ru/mery-podderzhki/215,животноводство,,specific,needs_review,0
362,svoefermerstvo_federal,measure,Субсидии на содержание свиней и кур-несушек,,Субсидия,https://svoefermerstvo.ru/mery-podderzhki/216,,,,,no_deadline,[],https://svoefermerstvo.ru/mery-podderzhki/216,"птицеводство, свиноводство",,specific,needs_review,0
363,svoefermerstvo_federal,measure,Субсидии на развитие растениеводства,,Субсидия,https://svoefermerstvo.ru/mery-podderzhki/217,,,,,no_deadline,[],https://svoefermerstvo.ru/mery-podderzhki/217,растениеводство,,specific,needs_review,0
364,svoefermerstvo_federal,measure,Субсидии на производство продукции растениеводства,,Субсидия,https://svoefermerstvo.ru/mery-podderzhki/183,,,,,no_deadline,[],https://svoefermerstvo.ru/mery-podderzhki/183,растениеводство,,specific,needs_review,0
365,svoefermerstvo_federal,measure,Субсидии на поддержку производства и реализации молока,,Субсидия,https://svoefermerstvo.ru/mery-podderzhki/184,Ивановской области,,,,no_deadline,[],https://svoefermerstvo.ru/mery-podderzhki/184,молочное скотоводство,,specific,needs_review,0
366,svoefermerstvo_federal,measure,Субсидии на содержание племенного поголовья и приобретение племенных животных,,Субсидия,https://svoefermerstvo.ru/mery-podderzhki/185,Ивановской области,,,,no_deadline,[],https://svoefermerstvo.ru/mery-podderzhki/185,"животноводство, племенное животноводство",,specific,needs_review,0
367,svoefermerstvo_federal,measure,Субсидии на приобретение сельскохозяйственных животных,,Субсидия,https://svoefermerstvo.ru/mery-podderzhki/179,,,,,no_deadline,[],https://svoefermerstvo.ru/mery-podderzhki/179,животноводство,,specific,needs_review,0
368,svoefermerstvo_federal,measure,Субсидии на развитие северного оленеводства,,Субсидия,https://svoefermerstvo.ru/mery-podderzhki/180,,,,,no_deadline,[],https://svoefermerstvo.ru/mery-podderzhki/180,,,unknown,needs_review,0
369,svoefermerstvo_federal,measure,Субсидии на мясное животноводство,,Субсидия,https://svoefermerstvo.ru/mery-podderzhki/181,,,,,no_deadline,[],https://svoefermerstvo.ru/mery-podderzhki/181,овцеводство,,specific,needs_review,0
370,svoefermerstvo_federal,measure,Субсидии на произведенное и реализованное яйцо и мясо птицы,,Субсидия,https://svoefermerstvo.ru/mery-podderzhki/182,,,,,no_deadline,[],https://svoefermerstvo.ru/mery-podderzhki/182,птицеводство,,specific,needs_review,0
371,svoefermerstvo_federal,measure,Субсидии на поддержку племенного животноводства,,Субсидия,https://svoefermerstvo.ru/mery-podderzhki/207,Калужской области,,,,no_deadline,[],https://svoefermerstvo.ru/mery-podderzhki/207,племенное животноводство,,specific,needs_review,0
372,svoefermerstvo_federal,measure,Субсидии на производство овощей и картофеля,,Субсидия,https://svoefermerstvo.ru/mery-podderzhki/208,Калужской области,,,,no_deadline,[],https://svoefermerstvo.ru/mery-podderzhki/208,"картофель, овощи",,specific,needs_review,0
373,svoefermerstvo_federal,measure,Субсидии на производство зерновых и масличных культур,,Субсидия,https://svoefermerstvo.ru/mery-podderzhki/209,Калужской области,,,,no_deadline,[],https://svoefermerstvo.ru/mery-podderzhki/209,"зерновые, масличные",,specific,needs_review,0
374,svoefermerstvo_federal,measure,Субсидия на содержание северных оленей,,Субсидия,https://svoefermerstvo.ru/mery-podderzhki/210,,,,,no_deadline,[],https://svoefermerstvo.ru/mery-podderzhki/210,,,unknown,needs_review,0
375,svoefermerstvo_federal,measure,Субсидии на производство молока,,Субсидия,https://svoefermerstvo.ru/mery-podderzhki/202,Калужской области,,,,no_deadline,[],https://svoefermerstvo.ru/mery-podderzhki/202,молочное скотоводство,,specific,needs_review,0
376,svoefermerstvo_federal,measure,Субсидии на создание или модернизацию молочных комплексов,,Субсидия,https://svoefermerstvo.ru/mery-podderzhki/203,Калужской области,,,,no_deadline,[],https://svoefermerstvo.ru/mery-podderzhki/203,,,unknown,needs_review,0
377,svoefermerstvo_federal,measure,Субсидии на замену КРС в связи с вирусом лейкоза,,Субсидия,https://svoefermerstvo.ru/mery-podderzhki/204,Калужской области,,,,no_deadline,[],https://svoefermerstvo.ru/mery-podderzhki/204,,,unknown,needs_review,0
378,svoefermerstvo_federal,measure,"Субсидии на приобретение зерновых, зернобобовых и масличных культур",,Субсидия,https://svoefermerstvo.ru/mery-podderzhki/211,,,,,no_deadline,[],https://svoefermerstvo.ru/mery-podderzhki/211,"зернобобовые, зерновые, масличные",,specific,needs_review,0
379,svoefermerstvo_federal,measure,Субсидии на развитие племенного животноводства,,Субсидия,https://svoefermerstvo.ru/mery-podderzhki/236,,,,,no_deadline,[],https://svoefermerstvo.ru/mery-podderzhki/236,племенное животноводство,,specific,needs_review,0
380,svoefermerstvo_federal,measure,Субсидии на содержание сельскохозяйственных животных и выращивание товарной рыбы,,Субсидия,https://svoefermerstvo.ru/mery-podderzhki/237,,,,,no_deadline,[],https://svoefermerstvo.ru/mery-podderzhki/237,"животноводство, рыбоводство",,specific,needs_review,0
381,svoefermerstvo_federal,measure,Субсидии на поддержку производства молока,,Субсидия,https://svoefermerstvo.ru/mery-podderzhki/238,,,,,no_deadline,[],https://svoefermerstvo.ru/mery-podderzhki/238,молочное скотоводство,,specific,needs_review,0
382,svoefermerstvo_federal,measure,"Субсидии на производство и реализацию зерновых культур (пшеницы, ржи, кукурузы, ячменя)",,Субсидия,https://svoefermerstvo.ru/mery-podderzhki/239,,,,,no_deadline,[],https://svoefermerstvo.ru/mery-podderzhki/239,зерновые,,specific,needs_review,0
383,svoefermerstvo_federal,measure,Субсидии на производство масличных культур,,Субсидия,https://svoefermerstvo.ru/mery-podderzhki/240,,,,,no_deadline,[],https://svoefermerstvo.ru/mery-podderzhki/240,масличные,,specific,needs_review,0
384,svoefermerstvo_federal,measure,"Субсидии на производство овощей защищенного грунта, произведенных с применением технологии досвечивания",,Субсидия,https://svoefermerstvo.ru/mery-podderzhki/248,Ленинградской области,,,,no_deadline,[],https://svoefermerstvo.ru/mery-podderzhki/248,тепличное хозяйство,,specific,needs_review,0
385,svoefermerstvo_federal,measure,"Субсидия на поддержку переработки сырого молока крупного рогатого скота, козьего и овечьего на пищевую продукцию",,Субсидия,https://svoefermerstvo.ru/mery-podderzhki/249,Ленинградской области,,,,no_deadline,[],https://svoefermerstvo.ru/mery-podderzhki/249,,,unknown,needs_review,0
386,svoefermerstvo_federal,measure,Субсидии на содержание племенного маточного поголовья сельскохозяйственных животных,,Субсидия,https://svoefermerstvo.ru/mery-podderzhki/250,Ленинградской области,,,,no_deadline,[],https://svoefermerstvo.ru/mery-podderzhki/250,,,unknown,needs_review,0
387,svoefermerstvo_federal,measure,"Субсидии на развитие мясного животноводства, на содержание основных свиноматок",,Субсидия,https://svoefermerstvo.ru/mery-podderzhki/251,Ленинградской области,,,,no_deadline,[],https://svoefermerstvo.ru/mery-podderzhki/251,свиноводство,,specific,needs_review,0
388,svoefermerstvo_federal,measure,Субсидии в области северного оленеводства,,Субсидия,https://svoefermerstvo.ru/mery-podderzhki/252,Магаданской области,,,,no_deadline,[],https://svoefermerstvo.ru/mery-podderzhki/252,,,unknown,needs_review,0
389,svoefermerstvo_federal,measure,Субсидия на приобретение и содержание племенного молодняка сельскохозяйственных животных,,Субсидия,https://svoefermerstvo.ru/mery-podderzhki/222,Кировской области,,,,no_deadline,[],https://svoefermerstvo.ru/mery-podderzhki/222,,,unknown,needs_review,0
390,svoefermerstvo_federal,measure,Субсидия на содержание племенного маточного поголовья сельскохозяйственных животных,,Субсидия,https://svoefermerstvo.ru/mery-podderzhki/223,Кировской области,,,,no_deadline,[],https://svoefermerstvo.ru/mery-podderzhki/223,животноводство,,specific,needs_review,0
391,svoefermerstvo_federal,measure,Субсидия на поддержку собственного производства молока,,Субсидия,https://svoefermerstvo.ru/mery-podderzhki/224,Кировской области,,,,no_deadline,[],https://svoefermerstvo.ru/mery-podderzhki/224,молочное скотоводство,,specific,needs_review,0
392,svoefermerstvo_federal,measure,Субсидии на поддержку племенного животноводства,,Субсидия,https://svoefermerstvo.ru/mery-podderzhki/225,,,,,no_deadline,[],https://svoefermerstvo.ru/mery-podderzhki/225,племенное животноводство,,specific,needs_review,0
393,svoefermerstvo_federal,measure,Субсидии на закладку многолетних насаждений,,Субсидия,https://svoefermerstvo.ru/mery-podderzhki/226,,,,,no_deadline,[],https://svoefermerstvo.ru/mery-podderzhki/226,плодовые культуры,,specific,needs_review,0
394,svoefermerstvo_federal,measure,Субсидии на закладку питомников,,Субсидия,https://svoefermerstvo.ru/mery-podderzhki/227,,,,,no_deadline,[],https://svoefermerstvo.ru/mery-podderzhki/227,"плодовые культуры, рассада и питомники",,specific,needs_review,0
395,svoefermerstvo_federal,measure,Субсидии на поддержку производства картофеля и овощей открытого грунта,,Субсидия,https://svoefermerstvo.ru/mery-podderzhki/228,,,,,no_deadline,[],https://svoefermerstvo.ru/mery-podderzhki/228,"картофель, овощи",,specific,needs_review,0
396,svoefermerstvo_federal,measure,Субсидии на производство молока,,Субсидия,https://svoefermerstvo.ru/mery-podderzhki/229,,,,,no_deadline,[],https://svoefermerstvo.ru/mery-podderzhki/229,молочное скотоводство,,specific,needs_review,0
397,svoefermerstvo_federal,measure,Поставка семенного картофеля в соцсферу,,Компенсация,https://svoefermerstvo.ru/mery-podderzhki/230,Костромской области,,,,no_deadline,[],https://svoefermerstvo.ru/mery-podderzhki/230,картофель,,specific,needs_review,0
398,svoefermerstvo_federal,measure,Субсидия на производство и реализацию зерновых культур,,Субсидия,https://svoefermerstvo.ru/mery-podderzhki/231,Костромской области,,,,no_deadline,[],https://svoefermerstvo.ru/mery-podderzhki/231,зерновые,,specific,needs_review,0
399,svoefermerstvo_federal,measure,Субсидия на производство и приобретение элитных семян,,Субсидия,https://svoefermerstvo.ru/mery-podderzhki/232,Костромской области,,,,no_deadline,[],https://svoefermerstvo.ru/mery-podderzhki/232,семеноводство,,specific,needs_review,0
400,svoefermerstvo_federal,measure,Субсидии на мероприятия по борьбе с борщевиком,,Субсидия,https://svoefermerstvo.ru/mery-podderzhki/233,Костромской области,,,,no_deadline,[],https://svoefermerstvo.ru/mery-podderzhki/233,,,unknown,needs_review,0
401,svoefermerstvo_federal,measure,Субсидии на производство и реализацию пчелопакетов,,Субсидия,https://svoefermerstvo.ru/mery-podderzhki/234,Костромской области,,,,no_deadline,[],https://svoefermerstvo.ru/mery-podderzhki/234,пчеловодство,,specific,needs_review,0
402,svoefermerstvo_federal,measure,Субсидии на содержание племенного маточного поголовья,,Субсидия,https://svoefermerstvo.ru/mery-podderzhki/235,Костромской области,,,,no_deadline,[],https://svoefermerstvo.ru/mery-podderzhki/235,,,unknown,needs_review,0
403,svoefermerstvo_federal,measure,"Субсидии на быков, направленных на убой перерабатывающим организациям",,Субсидия,https://svoefermerstvo.ru/mery-podderzhki/246,Ленинградской области,,,,no_deadline,[],https://svoefermerstvo.ru/mery-podderzhki/246,,,unknown,needs_review,0
404,svoefermerstvo_federal,measure,Субсидии на бычков для откорма,,Субсидия,https://svoefermerstvo.ru/mery-podderzhki/247,Ленинградской области,,,,no_deadline,[],https://svoefermerstvo.ru/mery-podderzhki/247,,,unknown,needs_review,0
405,svoefermerstvo_federal,measure,Субсидия предприятиям хлебопекарной промышленности,,Субсидия,https://svoefermerstvo.ru/mery-podderzhki/218,Кировской области,,,,no_deadline,[],https://svoefermerstvo.ru/mery-podderzhki/218,,,unknown,needs_review,0
406,svoefermerstvo_federal,measure,"Субсидия на закупку овощей открытого грунта, картофеля, молока, мяса (кроме мяса свиней) у граждан, ведущих личные подсобные хозяйства",,Субсидия,https://svoefermerstvo.ru/mery-podderzhki/219,Кировской области,,,,no_deadline,[],https://svoefermerstvo.ru/mery-podderzhki/219,"картофель, молочное скотоводство, овощи",,specific,needs_review,0
407,svoefermerstvo_federal,measure,"Субсидия на закупку семенного материала овощей, картофеля, а также крупного рогатого скота, овец и коз",,Субсидия,https://svoefermerstvo.ru/mery-podderzhki/220,Кировской области,,,,no_deadline,[],https://svoefermerstvo.ru/mery-podderzhki/220,"картофель, овощи",,specific,needs_review,0
408,svoefermerstvo_federal,measure,Субсидия на развитие овцеводства и козоводства,,Субсидия,https://svoefermerstvo.ru/mery-podderzhki/221,Кировской области,,,,no_deadline,[],https://svoefermerstvo.ru/mery-podderzhki/221,"козоводство, овцеводство",,specific,needs_review,0
409,svoefermerstvo_federal,measure,Субсидии на производство молока,,Субсидия,https://svoefermerstvo.ru/mery-podderzhki/241,Курганской области,,,,no_deadline,[],https://svoefermerstvo.ru/mery-podderzhki/241,молочное скотоводство,,specific,needs_review,0
410,svoefermerstvo_federal,measure,Субсидии на приобретение модульной животноводческой фермы и оборудования,,Субсидия,https://svoefermerstvo.ru/mery-podderzhki/242,Курганской области,,,,no_deadline,[],https://svoefermerstvo.ru/mery-podderzhki/242,животноводство,,specific,needs_review,0
411,svoefermerstvo_federal,measure,Приобретение сельскохозяйственных животных для ЛПХ,,Субсидия,https://svoefermerstvo.ru/mery-podderzhki/243,Курганской области,,,,no_deadline,[],https://svoefermerstvo.ru/mery-podderzhki/243,животноводство,,specific,needs_review,0
412,svoefermerstvo_federal,measure,Субсидирование приобретения сельскохозяйственных животных,,Субсидия,https://svoefermerstvo.ru/mery-podderzhki/244,Курганской области,,,,no_deadline,[],https://svoefermerstvo.ru/mery-podderzhki/244,животноводство,,specific,needs_review,0
413,svoefermerstvo_federal,measure,Субсидии на содержание племенного маточного поголовья сельскохозяйственных животных и птицы,,Субсидия,https://svoefermerstvo.ru/mery-podderzhki/245,Курганской области,,,,no_deadline,[],https://svoefermerstvo.ru/mery-podderzhki/245,,,unknown,needs_review,0
414,svoefermerstvo_federal,measure,Субсидии на развитие молочного скотоводства,,Субсидия,https://svoefermerstvo.ru/mery-podderzhki/263,,,,,no_deadline,[],https://svoefermerstvo.ru/mery-podderzhki/263,молочное скотоводство,,specific,needs_review,0
415,svoefermerstvo_federal,measure,"Поддержка организаций, осуществляющих сбор и утилизацию биологических отходов",,Иная поддержка,https://svoefermerstvo.ru/mery-podderzhki/264,,,,,no_deadline,[],https://svoefermerstvo.ru/mery-podderzhki/264,,,unknown,needs_review,0
416,svoefermerstvo_federal,measure,Субсидии на развитие мясного скотоводства,,Субсидия,https://svoefermerstvo.ru/mery-podderzhki/265,,,,,no_deadline,[],https://svoefermerstvo.ru/mery-podderzhki/265,мясное скотоводство,,specific,needs_review,0
417,svoefermerstvo_federal,measure,Субсидии на приобретение топочного мазута,,Субсидия,https://svoefermerstvo.ru/mery-podderzhki/266,,,,,no_deadline,[],https://svoefermerstvo.ru/mery-podderzhki/266,,,unknown,needs_review,0
418,svoefermerstvo_federal,measure,Субсидии на поддержку собственного производства молока,,Субсидия,https://svoefermerstvo.ru/mery-podderzhki/267,Новгородской области,,,,no_deadline,[],https://svoefermerstvo.ru/mery-podderzhki/267,молочное скотоводство,,specific,needs_review,0
419,svoefermerstvo_federal,measure,Субсидии на мясное скотоводство,,Субсидия,https://svoefermerstvo.ru/mery-podderzhki/253,Магаданской области,,,,no_deadline,[],https://svoefermerstvo.ru/mery-podderzhki/253,мясное скотоводство,,specific,needs_review,0
420,svoefermerstvo_federal,measure,Субсидии на поддержку производства овощей открытого грунта,,Субсидия,https://svoefermerstvo.ru/mery-podderzhki/254,Магаданской области,,,,no_deadline,[],https://svoefermerstvo.ru/mery-podderzhki/254,овощи,,specific,needs_review,0
421,svoefermerstvo_federal,measure,Субсидии на приобретение серонегативного поголовья молочного направления продуктивности,,Субсидия,https://svoefermerstvo.ru/mery-podderzhki/255,Магаданской области,,,,no_deadline,[],https://svoefermerstvo.ru/mery-podderzhki/255,,,unknown,needs_review,0
422,svoefermerstvo_federal,measure,Субсидии на поддержку производства картофеля,,Субсидия,https://svoefermerstvo.ru/mery-podderzhki/256,Магаданской области,,,,no_deadline,[],https://svoefermerstvo.ru/mery-podderzhki/256,картофель,,specific,needs_review,0
423,svoefermerstvo_federal,measure,Субсидии на поддержку племенного животноводства,,Субсидия,https://svoefermerstvo.ru/mery-podderzhki/268,Новгородской области,,,,no_deadline,[],https://svoefermerstvo.ru/mery-podderzhki/268,племенное животноводство,,specific,needs_review,0
424,svoefermerstvo_federal,measure,Субсидии для овощей в открытом грунте,,Субсидия,https://svoefermerstvo.ru/mery-podderzhki/269,Новгородской области,,,,no_deadline,[],https://svoefermerstvo.ru/mery-podderzhki/269,овощи,,specific,needs_review,0
425,svoefermerstvo_federal,measure,Субсидии на поддержку картофелеводства,,Субсидия,https://svoefermerstvo.ru/mery-podderzhki/270,Новгородской области,,,,no_deadline,[],https://svoefermerstvo.ru/mery-podderzhki/270,картофель,,specific,needs_review,0
426,svoefermerstvo_federal,measure,Субсидии на закупку техники и оборудования,,Субсидия,https://svoefermerstvo.ru/mery-podderzhki/271,Новгородской области,,,,no_deadline,[],https://svoefermerstvo.ru/mery-podderzhki/271,,,all,needs_review,0
427,svoefermerstvo_federal,measure,Субсидии на приобретение семени племенных животных-производителей,,Субсидия,https://svoefermerstvo.ru/mery-podderzhki/272,Новосибирской области,,,,no_deadline,[],https://svoefermerstvo.ru/mery-podderzhki/272,племенное животноводство,,specific,needs_review,0
428,svoefermerstvo_federal,measure,Субсидии производителям зерновых культур,,Субсидия,https://svoefermerstvo.ru/mery-podderzhki/285,,,,,no_deadline,[],https://svoefermerstvo.ru/mery-podderzhki/285,зерновые,,specific,needs_review,0
429,svoefermerstvo_federal,measure,"Субсидии на содержание поголовья свиней, коров",,Субсидия,https://svoefermerstvo.ru/mery-podderzhki/286,,,,,no_deadline,[],https://svoefermerstvo.ru/mery-podderzhki/286,свиноводство,,specific,needs_review,0
430,svoefermerstvo_federal,measure,"Субсидии на содержание овец, коз, маралов, лошадей",,Субсидия,https://svoefermerstvo.ru/mery-podderzhki/287,,,,,no_deadline,[],https://svoefermerstvo.ru/mery-podderzhki/287,"коневодство, овцеводство",,specific,needs_review,0
431,svoefermerstvo_federal,measure,Субсидия на поддержку элитного семеноводства,,Субсидия,https://svoefermerstvo.ru/mery-podderzhki/288,Псковской области,,,,no_deadline,[],https://svoefermerstvo.ru/mery-podderzhki/288,семеноводство,,specific,needs_review,0
432,svoefermerstvo_federal,measure,Субсидия на собственное производство льно-и (или) пеньковолокна и тресты,,Субсидия,https://svoefermerstvo.ru/mery-podderzhki/289,Псковской области,,,,no_deadline,[],https://svoefermerstvo.ru/mery-podderzhki/289,техническая конопля,,specific,needs_review,0
433,svoefermerstvo_federal,measure,"Субсидии на элитный картофель, овощные культуры",,Субсидия,https://svoefermerstvo.ru/mery-podderzhki/290,Псковской области,,,,no_deadline,[],https://svoefermerstvo.ru/mery-podderzhki/290,"картофель, овощи, семеноводство",,specific,needs_review,0
434,svoefermerstvo_federal,measure,Субсидии на создание и модернизацию объектов АПК,,Субсидия,https://svoefermerstvo.ru/mery-podderzhki/291,Псковской области,,,,no_deadline,[],https://svoefermerstvo.ru/mery-podderzhki/291,,,all,needs_review,0
435,svoefermerstvo_federal,measure,Субсидии в области северного оленеводства,,Субсидия,https://svoefermerstvo.ru/mery-podderzhki/257,Мурманской области,,,,no_deadline,[],https://svoefermerstvo.ru/mery-podderzhki/257,,,unknown,needs_review,0
436,svoefermerstvo_federal,measure,Субсидии на приобретение молодняка крупного рогатого скота для откорма,,Субсидия,https://svoefermerstvo.ru/mery-podderzhki/258,Мурманской области,,,,no_deadline,[],https://svoefermerstvo.ru/mery-podderzhki/258,,,unknown,needs_review,0
437,svoefermerstvo_federal,measure,Субсидии на поддержку собственного производства молока,,Субсидия,https://svoefermerstvo.ru/mery-podderzhki/259,Мурманской области,,,,no_deadline,[],https://svoefermerstvo.ru/mery-podderzhki/259,молочное скотоводство,,specific,needs_review,0
438,svoefermerstvo_federal,measure,Субсидия на поддержку звероводства,,Субсидия,https://svoefermerstvo.ru/mery-podderzhki/260,Мурманской области,,,,no_deadline,[],https://svoefermerstvo.ru/mery-podderzhki/260,,,unknown,needs_review,0
439,svoefermerstvo_federal,measure,Субсидия на поддержку селекционной работы,,Субсидия,https://svoefermerstvo.ru/mery-podderzhki/261,Мурманской области,,,,no_deadline,[],https://svoefermerstvo.ru/mery-podderzhki/261,,,unknown,needs_review,0
440,svoefermerstvo_federal,measure,Субсидии на развитие мясного скотоводства,,Субсидия,https://svoefermerstvo.ru/mery-podderzhki/280,Оренбургской области,,,,no_deadline,[],https://svoefermerstvo.ru/mery-podderzhki/280,мясное скотоводство,,specific,needs_review,0
441,svoefermerstvo_federal,measure,Субсидии на развитие элитного семеноводства,,Субсидия,https://svoefermerstvo.ru/mery-podderzhki/281,Оренбургской области,,,,no_deadline,[],https://svoefermerstvo.ru/mery-podderzhki/281,семеноводство,,specific,needs_review,0
442,svoefermerstvo_federal,measure,Субсидии на производство и реализацию зерновых,,Субсидия,https://svoefermerstvo.ru/mery-podderzhki/282,Оренбургской области,,,,no_deadline,[],https://svoefermerstvo.ru/mery-podderzhki/282,зерновые,,specific,needs_review,0
443,svoefermerstvo_federal,measure,Субсидия на поддержку переработки сырого молока КРС,,Субсидия,https://svoefermerstvo.ru/mery-podderzhki/283,,,,,no_deadline,[],https://svoefermerstvo.ru/mery-podderzhki/283,переработка молока,,specific,needs_review,0
444,svoefermerstvo_federal,measure,Субсидия на поддержку собственного производства молока,,Субсидия,https://svoefermerstvo.ru/mery-podderzhki/284,,,,,no_deadline,[],https://svoefermerstvo.ru/mery-podderzhki/284,молочное скотоводство,,specific,needs_review,0
445,svoefermerstvo_federal,measure,Субсидии на поддержку производства молока,,Субсидия,https://svoefermerstvo.ru/mery-podderzhki/273,Новосибирской области,,,,no_deadline,[],https://svoefermerstvo.ru/mery-podderzhki/273,молочное скотоводство,,specific,needs_review,0
446,svoefermerstvo_federal,measure,Субсидии на приобретение молодняка племенных животных,,Субсидия,https://svoefermerstvo.ru/mery-podderzhki/274,Новосибирской области,,,,no_deadline,[],https://svoefermerstvo.ru/mery-podderzhki/274,племенное животноводство,,specific,needs_review,0
447,svoefermerstvo_federal,measure,Субсидии на производство и реализацию зерновых культур,,Субсидия,https://svoefermerstvo.ru/mery-podderzhki/275,Новосибирской области,,,,no_deadline,[],https://svoefermerstvo.ru/mery-podderzhki/275,зерновые,,specific,needs_review,0
448,svoefermerstvo_federal,measure,Субсидии на производство овощей защищенного грунта,,Субсидия,https://svoefermerstvo.ru/mery-podderzhki/276,Новосибирской области,,,,no_deadline,[],https://svoefermerstvo.ru/mery-podderzhki/276,тепличное хозяйство,,specific,needs_review,0
449,svoefermerstvo_federal,measure,Субсидии на приобретение племенного материала,,Субсидия,https://svoefermerstvo.ru/mery-podderzhki/278,Оренбургской области,,,,no_deadline,[],https://svoefermerstvo.ru/mery-podderzhki/278,,,unknown,needs_review,0
450,svoefermerstvo_federal,measure,Субсидии на развитие овцеводства и козоводства,,Субсидия,https://svoefermerstvo.ru/mery-podderzhki/279,Оренбургской области,,,,no_deadline,[],https://svoefermerstvo.ru/mery-podderzhki/279,"козоводство, овцеводство",,specific,needs_review,0
451,svoefermerstvo_federal,measure,Субсидии на стимулирование увеличения производства картофеля и овощей,,Субсидия,https://svoefermerstvo.ru/mery-podderzhki/296,,,,,no_deadline,[],https://svoefermerstvo.ru/mery-podderzhki/296,"картофель, овощи",,specific,needs_review,0
452,svoefermerstvo_federal,measure,Возмещение затрат на производство и реализацию зерновых культур,,Компенсация,https://svoefermerstvo.ru/mery-podderzhki/297,,,,,no_deadline,[],https://svoefermerstvo.ru/mery-podderzhki/297,зерновые,,specific,needs_review,0
453,svoefermerstvo_federal,measure,Субсидии на племенных животных,,Субсидия,https://svoefermerstvo.ru/mery-podderzhki/298,,,,,no_deadline,[],https://svoefermerstvo.ru/mery-podderzhki/298,животноводство,,specific,needs_review,0
454,svoefermerstvo_federal,measure,"Субсидия на приобретение технологического оборудования, спецавтотранспорта для молочных ферм",,Субсидия,https://svoefermerstvo.ru/mery-podderzhki/299,,,,,no_deadline,[],https://svoefermerstvo.ru/mery-podderzhki/299,молочное скотоводство,,specific,needs_review,0
455,svoefermerstvo_federal,measure,Субсидия на приобретение оборудования для убоя и первичной переработки скота,,Субсидия,https://svoefermerstvo.ru/mery-podderzhki/300,,,,,no_deadline,[],https://svoefermerstvo.ru/mery-podderzhki/300,,,unknown,needs_review,0
456,svoefermerstvo_federal,measure,Субсидия на закуп молока-сырья в личных подсобных хозяйствах,,Субсидия,https://svoefermerstvo.ru/mery-podderzhki/303,,,,,no_deadline,[],https://svoefermerstvo.ru/mery-podderzhki/303,,,unknown,needs_review,0
457,svoefermerstvo_federal,measure,Субсидии на собственное производство молока,,Субсидия,https://svoefermerstvo.ru/mery-podderzhki/304,,,,,no_deadline,[],https://svoefermerstvo.ru/mery-podderzhki/304,молочное скотоводство,,specific,needs_review,0
458,svoefermerstvo_federal,measure,Субсидии на развитие овцеводства и козоводства,,Субсидия,https://svoefermerstvo.ru/mery-podderzhki/305,,,,,no_deadline,[],https://svoefermerstvo.ru/mery-podderzhki/305,"козоводство, овцеводство",,specific,needs_review,0
459,svoefermerstvo_federal,measure,Субсидии на производство тонкорунной и полутонкорунной шерсти,,Субсидия,https://svoefermerstvo.ru/mery-podderzhki/306,,,,,no_deadline,[],https://svoefermerstvo.ru/mery-podderzhki/306,,,unknown,needs_review,0
460,svoefermerstvo_federal,measure,"Субсидии на овцеводство и козоводство (в живом весе, на убой)",,Субсидия,https://svoefermerstvo.ru/mery-podderzhki/307,,,,,no_deadline,[],https://svoefermerstvo.ru/mery-podderzhki/307,"козоводство, овцеводство",,specific,needs_review,0
461,svoefermerstvo_federal,measure,Субсидии на поддержку собственного производства молока,,Субсидия,https://svoefermerstvo.ru/mery-podderzhki/292,Псковской области,,,,no_deadline,[],https://svoefermerstvo.ru/mery-podderzhki/292,молочное скотоводство,,specific,needs_review,0
462,svoefermerstvo_federal,measure,Субсидии на поддержку племенного животноводства,,Субсидия,https://svoefermerstvo.ru/mery-podderzhki/293,Псковской области,,,,no_deadline,[],https://svoefermerstvo.ru/mery-podderzhki/293,племенное животноводство,,specific,needs_review,0
463,svoefermerstvo_federal,measure,"Субсидии на проведение гидромелиоративных, культуртехнических мероприятий",,Субсидия,https://svoefermerstvo.ru/mery-podderzhki/294,,,,,no_deadline,[],https://svoefermerstvo.ru/mery-podderzhki/294,,,all,needs_review,0
464,svoefermerstvo_federal,measure,Субсидии на развитие виноградарства и виноделия,,Субсидия,https://svoefermerstvo.ru/mery-podderzhki/295,,,,,no_deadline,[],https://svoefermerstvo.ru/mery-podderzhki/295,,,unknown,needs_review,0
465,svoefermerstvo_federal,measure,Субсидия на приобретение рефрижераторов для заготовки и транспортировки ягод,,Субсидия,https://svoefermerstvo.ru/mery-podderzhki/301,,,,,no_deadline,[],https://svoefermerstvo.ru/mery-podderzhki/301,ягоды,,specific,needs_review,0
466,svoefermerstvo_federal,measure,"Субсидия на приобретение изотермического фургона, хлебного фургона (продукция на экспорт)",,Субсидия,https://svoefermerstvo.ru/mery-podderzhki/302,,,,,no_deadline,[],https://svoefermerstvo.ru/mery-podderzhki/302,,,unknown,needs_review,0
467,svoefermerstvo_federal,measure,Поддержка племенного животноводства,,Субсидия,https://svoefermerstvo.ru/mery-podderzhki/308,,,,,no_deadline,[],https://svoefermerstvo.ru/mery-podderzhki/308,племенное животноводство,,specific,needs_review,0
468,svoefermerstvo_federal,measure,Поддержка мясного скотоводства,,Субсидия,https://svoefermerstvo.ru/mery-podderzhki/309,,,,,no_deadline,[],https://svoefermerstvo.ru/mery-podderzhki/309,мясное скотоводство,,specific,needs_review,0
469,svoefermerstvo_federal,measure,Субсидии на поддержку малых форм хозяйствования,,Субсидия,https://svoefermerstvo.ru/mery-podderzhki/310,Астраханской области,,,,no_deadline,[],https://svoefermerstvo.ru/mery-podderzhki/310,"зернобобовые, зерновые, масличные",,specific,needs_review,0
470,svoefermerstvo_federal,measure,Субсидии на проведение агротехнологических работ (картофель),,Субсидия,https://svoefermerstvo.ru/mery-podderzhki/277,Новосибирской области,,,,no_deadline,[],https://svoefermerstvo.ru/mery-podderzhki/277,картофель,,specific,needs_review,0
471,svoefermerstvo_federal,measure,Субсидий на возмещение части затрат на развитие мясного животноводства,,Субсидия,https://svoefermerstvo.ru/mery-podderzhki/315,Астраханской области,,,,no_deadline,[],https://svoefermerstvo.ru/mery-podderzhki/315,,,unknown,needs_review,0
472,svoefermerstvo_federal,measure,Возмещение части затрат на развитие мясного табунного коневодства,,Компенсация,https://svoefermerstvo.ru/mery-podderzhki/316,Астраханской области,,,,no_deadline,[],https://svoefermerstvo.ru/mery-podderzhki/316,коневодство,,specific,needs_review,0
473,svoefermerstvo_federal,measure,Субсидия на приобретение племенного молодняка крупного рогатого скота,,Субсидия,https://svoefermerstvo.ru/mery-podderzhki/317,Астраханской области,,,,no_deadline,[],https://svoefermerstvo.ru/mery-podderzhki/317,животноводство,,specific,needs_review,0
474,svoefermerstvo_federal,measure,Субсидия на производство овец и коз на убой в живом весе,,Субсидия,https://svoefermerstvo.ru/mery-podderzhki/318,,,,,no_deadline,[],https://svoefermerstvo.ru/mery-podderzhki/318,"животноводство, козоводство, овцеводство",,specific,needs_review,0
475,svoefermerstvo_federal,measure,Субсидия на развитие специализированного мясного скотоводства,,Субсидия,https://svoefermerstvo.ru/mery-podderzhki/319,Астраханской области,,,,no_deadline,[],https://svoefermerstvo.ru/mery-podderzhki/319,мясное скотоводство,,specific,needs_review,0
476,svoefermerstvo_federal,measure,Возмещение части затрат на уплату страховой премии,,Компенсация,https://svoefermerstvo.ru/mery-podderzhki/312,Астраханской области,,,,no_deadline,[],https://svoefermerstvo.ru/mery-podderzhki/312,,,unknown,needs_review,0
477,svoefermerstvo_federal,measure,Субсидия на поддержку элитного семеноводства сельскохозяйственных культур,,Субсидия,https://svoefermerstvo.ru/mery-podderzhki/313,Астраханской области,,,,no_deadline,[],https://svoefermerstvo.ru/mery-podderzhki/313,"зерновые, семеноводство",,specific,needs_review,0
478,svoefermerstvo_federal,measure,Субсидия на поддержку приоритетных направлений агропромышленного комплекса в области животноводства,,Субсидия,https://svoefermerstvo.ru/mery-podderzhki/314,Астраханской области,,,,no_deadline,[],https://svoefermerstvo.ru/mery-podderzhki/314,"животноводство, козоводство, овцеводство",,specific,needs_review,0
479,svoefermerstvo_federal,measure,Субсидия на племенное маточное поголовье с/х животных,,Субсидия,https://svoefermerstvo.ru/mery-podderzhki/323,Астраханской области,,,,no_deadline,[],https://svoefermerstvo.ru/mery-podderzhki/323,животноводство,,specific,needs_review,0
480,svoefermerstvo_federal,measure,Возмещение производителям зерновых культур части затрат на производство и реализацию,,Компенсация,https://svoefermerstvo.ru/mery-podderzhki/325,Астраханской области,,,,no_deadline,[],https://svoefermerstvo.ru/mery-podderzhki/325,зерновые,,specific,needs_review,0
481,svoefermerstvo_federal,measure,Субсидии на проведение агротехнических работ,,Субсидия,https://svoefermerstvo.ru/mery-podderzhki/311,Астраханской области,,,,no_deadline,[],https://svoefermerstvo.ru/mery-podderzhki/311,"зернобобовые, зерновые, масличные",,specific,needs_review,0
482,svoefermerstvo_federal,measure,Субсидии на стимулирование увеличения производства масличных культур,,Субсидия,https://svoefermerstvo.ru/mery-podderzhki/326,Астраханской области,,,,no_deadline,[],https://svoefermerstvo.ru/mery-podderzhki/326,масличные,,specific,needs_review,0
483,svoefermerstvo_federal,measure,"Субсидии на возмещение части затрат на уплату процентов по кредитным договорам, договорам займа, соглашениям об открытии аккредитива (на приобретение оборудования)",,Субсидия,https://svoefermerstvo.ru/mery-podderzhki/327,Астраханской области,,,,no_deadline,[],https://svoefermerstvo.ru/mery-podderzhki/327,,,unknown,needs_review,0
484,svoefermerstvo_federal,measure,Компенсация затрат на создание и модернизацию объектов АПК,,Компенсация,https://svoefermerstvo.ru/mery-podderzhki/328,Астраханской области,,,,no_deadline,[],https://svoefermerstvo.ru/mery-podderzhki/328,,,unknown,needs_review,0
485,svoefermerstvo_federal,measure,Возмещение затрат на мелиорацию,,Компенсация,https://svoefermerstvo.ru/mery-podderzhki/329,Астраханской области,,,,no_deadline,[],https://svoefermerstvo.ru/mery-podderzhki/329,,,unknown,needs_review,0
486,svoefermerstvo_federal,measure,Получение аккредитации ветеринарными лабораториями,,Субсидия,https://svoefermerstvo.ru/mery-podderzhki/330,Астраханской области,,,,no_deadline,[],https://svoefermerstvo.ru/mery-podderzhki/330,,,unknown,needs_review,0
487,svoefermerstvo_federal,measure,"Федеральный проект ""Благоустройство сельских территорий""",,Иная поддержка,https://svoefermerstvo.ru/mery-podderzhki/332,Астраханской области,,,,no_deadline,[],https://svoefermerstvo.ru/mery-podderzhki/332,,,unknown,needs_review,0
488,svoefermerstvo_federal,measure,Поддержка племенного животноводства,,Компенсация,https://svoefermerstvo.ru/mery-podderzhki/344,Волгоградской области,,,,no_deadline,[],https://svoefermerstvo.ru/mery-podderzhki/344,племенное животноводство,,specific,needs_review,0
489,svoefermerstvo_federal,measure,Возмещение части затрат сельскохозяйственных товаропроизводителей на приобретение племенного молодняка крупного рогатого скота и мелкого рогатого скота,,Компенсация,https://svoefermerstvo.ru/mery-podderzhki/345,Волгоградской области,,,,no_deadline,[],https://svoefermerstvo.ru/mery-podderzhki/345,,,unknown,needs_review,0
490,svoefermerstvo_federal,measure,Субсидия на производство молока,,Субсидия,https://svoefermerstvo.ru/mery-podderzhki/346,Волгоградской области,,,,no_deadline,[],https://svoefermerstvo.ru/mery-podderzhki/346,молочное скотоводство,,specific,needs_review,0
491,svoefermerstvo_federal,measure,"Поддержка овцеводства, козоводства, включая производство шерсти, полученной от овец",,Компенсация,https://svoefermerstvo.ru/mery-podderzhki/348,Волгоградской области,,,,no_deadline,[],https://svoefermerstvo.ru/mery-podderzhki/348,"козоводство, овцеводство",,specific,needs_review,0
492,svoefermerstvo_federal,measure,Субсидия на подготовку проектов межевания земельных участков и на проведение кадастровых работ,,Субсидия,https://svoefermerstvo.ru/mery-podderzhki/331,Астраханской области,,,,no_deadline,[],https://svoefermerstvo.ru/mery-podderzhki/331,,,unknown,needs_review,0
493,svoefermerstvo_federal,measure,"Федеральный проект ""Современный облик сельских территорий""",,Иная поддержка,https://svoefermerstvo.ru/mery-podderzhki/334,Астраханской области,,,,no_deadline,[],https://svoefermerstvo.ru/mery-podderzhki/334,,,unknown,needs_review,0
494,svoefermerstvo_federal,measure,"Федеральный проект ""Содействие занятости сельского населения""",,Иная поддержка,https://svoefermerstvo.ru/mery-podderzhki/335,Астраханской области,,,,no_deadline,[],https://svoefermerstvo.ru/mery-podderzhki/335,,,unknown,needs_review,0
495,svoefermerstvo_federal,measure,"Субсидия на выращивание бахчевых, хлопчатника, арахиса, томатов и прочих овощей",,Субсидия,https://svoefermerstvo.ru/mery-podderzhki/337,Астраханской области,,,,no_deadline,[],https://svoefermerstvo.ru/mery-podderzhki/337,овощи,,specific,needs_review,0
496,svoefermerstvo_federal,measure,Субсидия на возмещение страховой премии,,Субсидия,https://svoefermerstvo.ru/mery-podderzhki/341,Волгоградской области,,,,no_deadline,[],https://svoefermerstvo.ru/mery-podderzhki/341,"животноводство, растениеводство",,specific,needs_review,0
497,svoefermerstvo_federal,measure,Грант на развитие семейных ферм,,Грант,https://svoefermerstvo.ru/mery-podderzhki/342,Волгоградской области,,,,no_deadline,[],https://svoefermerstvo.ru/mery-podderzhki/342,,,unknown,needs_review,0
498,svoefermerstvo_federal,measure,Субсидии на проведение агротехнических работ,,Субсидия,https://svoefermerstvo.ru/mery-podderzhki/340,Волгоградской области,,,,no_deadline,[],https://svoefermerstvo.ru/mery-podderzhki/340,растениеводство,,specific,needs_review,0
499,svoefermerstvo_federal,measure,"Федеральный проект ""Развитие жилищного строительства на сельских территориях и повышение уровня благоустройства домовладений",,Иная поддержка,https://svoefermerstvo.ru/mery-podderzhki/333,Астраханской области,,,,no_deadline,[],https://svoefermerstvo.ru/mery-podderzhki/333,,,unknown,needs_review,0
500,svoefermerstvo_federal,measure,Субсидии на обеспечение текущей деятельности центра компетенций в сфере сельскохозяйственной кооперации и поддержки фермеров,,Субсидия,https://svoefermerstvo.ru/mery-podderzhki/336,Астраханской области,,,,no_deadline,[],https://svoefermerstvo.ru/mery-podderzhki/336,,,unknown,needs_review,0
501,svoefermerstvo_federal,measure,"Субсидия на возмещение части затрат на содержание коров молочного стада, за исключением племенных животных",,Субсидия,https://svoefermerstvo.ru/mery-podderzhki/338,Астраханской области,,,,no_deadline,[],https://svoefermerstvo.ru/mery-podderzhki/338,,,unknown,needs_review,0
502,svoefermerstvo_federal,measure,Субсидия на приобретение саженцев многолетних травянистых ягодных насаждений,,Субсидия,https://svoefermerstvo.ru/mery-podderzhki/339,Астраханской области,,,,no_deadline,[],https://svoefermerstvo.ru/mery-podderzhki/339,ягоды,,specific,needs_review,0
503,svoefermerstvo_federal,measure,"Субсидия на возмещение части затрат на уплату страховой премии, начисленной по договору сельскохозяйственного страхования в области растениеводства",,Субсидия,https://svoefermerstvo.ru/mery-podderzhki/353,Волгоградской области,,,,no_deadline,[],https://svoefermerstvo.ru/mery-podderzhki/353,"зернобобовые, зерновые, картофель, масличные, овощи, плодовые культуры, растениеводство, тепличное хозяйство, ягоды",,specific,needs_review,0
504,svoefermerstvo_federal,measure,Субсидии на возмещение части затрат сельскохозяйственным потребительским кооперативам,,Субсидия,https://svoefermerstvo.ru/mery-podderzhki/356,Волгоградской области,,,,no_deadline,[],https://svoefermerstvo.ru/mery-podderzhki/356,,,unknown,needs_review,0
505,svoefermerstvo_federal,measure,Субсидии на обеспечение текущей деятельности центра компетенций в сфере сельскохозяйственной кооперации и поддержки фермеров,,Субсидия,https://svoefermerstvo.ru/mery-podderzhki/357,Волгоградской области,,,,no_deadline,[],https://svoefermerstvo.ru/mery-podderzhki/357,,,unknown,needs_review,0
506,svoefermerstvo_federal,measure,Субсидии на возмещение части затрат на уплату процентов по инвестиционным кредитам (займам) в агропромышленном комплексе,,Субсидия,https://svoefermerstvo.ru/mery-podderzhki/358,Волгоградской области,,,,no_deadline,[],https://svoefermerstvo.ru/mery-podderzhki/358,,,all,needs_review,0
507,svoefermerstvo_federal,measure,Субсидии на проведение мелиорации,,Субсидия,https://svoefermerstvo.ru/mery-podderzhki/359,Волгоградской области,,,,no_deadline,[],https://svoefermerstvo.ru/mery-podderzhki/359,,,unknown,needs_review,0
508,svoefermerstvo_federal,measure,Субсидии для производителей продукции плодово-ягодных насаждений,,Субсидия,https://svoefermerstvo.ru/mery-podderzhki/347,Волгоградской области,,,,no_deadline,[],https://svoefermerstvo.ru/mery-podderzhki/347,"плодовые культуры, ягоды",,specific,needs_review,0
509,svoefermerstvo_federal,measure,Субсидии на производство и переработку молока,,Субсидия,https://svoefermerstvo.ru/mery-podderzhki/350,Волгоградской области,,,,no_deadline,[],https://svoefermerstvo.ru/mery-podderzhki/350,"молочное скотоводство, переработка молока",,specific,needs_review,0
510,svoefermerstvo_federal,measure,Субсидия на проведение агротехнологических работ,,Субсидия,https://svoefermerstvo.ru/mery-podderzhki/351,Волгоградской области,,,,no_deadline,[],https://svoefermerstvo.ru/mery-podderzhki/351,растениеводство,,specific,needs_review,0
511,svoefermerstvo_federal,measure,Поддержка элитного семеноводства,,Компенсация,https://svoefermerstvo.ru/mery-podderzhki/352,Волгоградской области,,,,no_deadline,[],https://svoefermerstvo.ru/mery-podderzhki/352,семеноводство,,specific,needs_review,0
512,svoefermerstvo_federal,measure,Субсидии на возмещение части прямых понесенных затрат на создание и модернизацию объектов агропромышленного комплекса,,Субсидия,https://svoefermerstvo.ru/mery-podderzhki/360,Волгоградской области,,,,no_deadline,[],https://svoefermerstvo.ru/mery-podderzhki/360,,,unknown,needs_review,0
513,svoefermerstvo_federal,measure,Поддержка племенного животноводства,,Грант,https://svoefermerstvo.ru/mery-podderzhki/354,Волгоградской области,,,,no_deadline,[],https://svoefermerstvo.ru/mery-podderzhki/354,племенное животноводство,,specific,needs_review,0
514,svoefermerstvo_federal,measure,Субсидии на переработку зерна,,Субсидия,https://svoefermerstvo.ru/mery-podderzhki/349,,,,,no_deadline,[],https://svoefermerstvo.ru/mery-podderzhki/349,переработка зерна,,specific,needs_review,0
515,svoefermerstvo_federal,measure,Грант «Агротуризм»,,Грант,https://svoefermerstvo.ru/mery-podderzhki/24,,,,,no_deadline,[],https://svoefermerstvo.ru/mery-podderzhki/24,,,unknown,needs_review,0
516,svoefermerstvo_federal,measure,Субсидии на развитие объектов сельского туризма,,Субсидия,https://svoefermerstvo.ru/mery-podderzhki/420,,,,,no_deadline,[],https://svoefermerstvo.ru/mery-podderzhki/420,,,unknown,needs_review,0
517,svoefermerstvo_federal,measure,"Субсидии на реализацию мероприятий, направленных на создание условий для получения аккредитации ветеринарными лабораториями субъектов Российской Федерации в национальной системе аккредитации",,Субсидия,https://svoefermerstvo.ru/mery-podderzhki/363,Волгоградской области,,,,no_deadline,[],https://svoefermerstvo.ru/mery-podderzhki/363,,,unknown,needs_review,0
518,svoefermerstvo_federal,measure,Субсидии на стимулирование увеличения производства картофеля и овощей,,Субсидия,https://svoefermerstvo.ru/mery-podderzhki/364,Волгоградской области,,,,no_deadline,[],https://svoefermerstvo.ru/mery-podderzhki/364,"картофель, овощи",,specific,needs_review,0
519,svoefermerstvo_federal,measure,Субсидии на подготовку проектов межевания земельных участков и на проведение кадастровых работ,,Субсидия,https://svoefermerstvo.ru/mery-podderzhki/365,Волгоградской области,,,,no_deadline,[],https://svoefermerstvo.ru/mery-podderzhki/365,,,unknown,needs_review,0
520,svoefermerstvo_federal,measure,Субсидии для обеспечения комплексного развития сельских территорий,,Субсидия,https://svoefermerstvo.ru/mery-podderzhki/367,,,,,no_deadline,[],https://svoefermerstvo.ru/mery-podderzhki/367,,,all,needs_review,0
521,svoefermerstvo_federal,measure,Субсидии на развитие виноградарства и виноделия,,Субсидия,https://svoefermerstvo.ru/mery-podderzhki/361,Волгоградской области,,,,no_deadline,[],https://svoefermerstvo.ru/mery-podderzhki/361,,,unknown,needs_review,0
522,svoefermerstvo_federal,measure,Субсидии на развитие сельского туризма,,Субсидия,https://svoefermerstvo.ru/mery-podderzhki/362,Волгоградской области,,,,no_deadline,[],https://svoefermerstvo.ru/mery-podderzhki/362,,,unknown,needs_review,0
523,svoefermerstvo_federal,measure,"Федеральный проект ""Благоустройство сельских территорий""",,Иная поддержка,https://svoefermerstvo.ru/mery-podderzhki/366,Волгоградской области,,,,no_deadline,[],https://svoefermerstvo.ru/mery-podderzhki/366,,,unknown,needs_review,0
524,svoefermerstvo_federal,measure,Возмещение части затрат по заключенным с работниками ученическим договорам,,Компенсация,https://svoefermerstvo.ru/mery-podderzhki/368,,,,,no_deadline,[],https://svoefermerstvo.ru/mery-podderzhki/368,,,unknown,needs_review,0
525,svoefermerstvo_federal,measure,Возмещение части затрат на обработку посевов сельскохозяйственных культур беспилотными авиационными средствами,,Компенсация,https://svoefermerstvo.ru/mery-podderzhki/377,Волгоградской области,,,,no_deadline,[],https://svoefermerstvo.ru/mery-podderzhki/377,,,unknown,needs_review,0
526,svoefermerstvo_federal,measure,Субсидии для малых форм хозяйствования,,Субсидия,https://svoefermerstvo.ru/mery-podderzhki/378,Курганской области,,,,no_deadline,[],https://svoefermerstvo.ru/mery-podderzhki/378,животноводство,,specific,needs_review,0
527,svoefermerstvo_federal,measure,Субсидии на проведение комплекса агротехнологических работ,,Субсидия,https://svoefermerstvo.ru/mery-podderzhki/379,Курганской области,,,,no_deadline,[],https://svoefermerstvo.ru/mery-podderzhki/379,,,unknown,needs_review,0
528,svoefermerstvo_federal,measure,Поддержка сельскохозяйственного страхования,,Субсидия,https://svoefermerstvo.ru/mery-podderzhki/380,Курганской области,,,,no_deadline,[],https://svoefermerstvo.ru/mery-podderzhki/380,"животноводство, растениеводство",,specific,needs_review,0
529,svoefermerstvo_federal,measure,Финансовое обеспечение части затрат на проектирование селекционно-семеноводческого центра по растениеводству,,Иная поддержка,https://svoefermerstvo.ru/mery-podderzhki/372,Волгоградской области,,,,no_deadline,[],https://svoefermerstvo.ru/mery-podderzhki/372,растениеводство,,specific,needs_review,0
530,svoefermerstvo_federal,measure,Возмещение части затрат по предупреждению и (или) ликвидации последствий чрезвычайных ситуаций в сельском хозяйстве,,Компенсация,https://svoefermerstvo.ru/mery-podderzhki/373,Волгоградской области,,,,no_deadline,[],https://svoefermerstvo.ru/mery-podderzhki/373,,,all,needs_review,0
531,svoefermerstvo_federal,measure,"Возмещение части затрат на подавление численности, локализацию и (или) ликвидацию популяции карантинного объекта",,Компенсация,https://svoefermerstvo.ru/mery-podderzhki/374,Волгоградской области,,,,no_deadline,[],https://svoefermerstvo.ru/mery-podderzhki/374,,,unknown,needs_review,0
532,svoefermerstvo_federal,measure,Субсидии для пищевых и перерабатывающих предприятий,,Субсидия,https://svoefermerstvo.ru/mery-podderzhki/375,Волгоградской области,,,,no_deadline,[],https://svoefermerstvo.ru/mery-podderzhki/375,переработка сельхозпродукции,,specific,needs_review,0
533,svoefermerstvo_federal,measure,"Возмещение части затрат на приобретения оборудования, используемого в рыбоводстве",,Компенсация,https://svoefermerstvo.ru/mery-podderzhki/376,Волгоградской области,,,,no_deadline,[],https://svoefermerstvo.ru/mery-podderzhki/376,рыбоводство,,specific,needs_review,0
534,svoefermerstvo_federal,measure,Субсидии на развитие скотоводства,,Субсидия,https://svoefermerstvo.ru/mery-podderzhki/387,Курганской области,,,,no_deadline,[],https://svoefermerstvo.ru/mery-podderzhki/387,,,unknown,needs_review,0
535,svoefermerstvo_federal,measure,Поддержка потребительских кооперативов,,Субсидия,https://svoefermerstvo.ru/mery-podderzhki/388,Курганской области,,,,no_deadline,[],https://svoefermerstvo.ru/mery-podderzhki/388,,,all,needs_review,0
536,svoefermerstvo_federal,measure,Субсидии на обеспечение текущей деятельности центра компетенций в сфере сельскохозяйственной кооперации и поддержки фермеров,,Субсидия,https://svoefermerstvo.ru/mery-podderzhki/389,Курганской области,,,,no_deadline,[],https://svoefermerstvo.ru/mery-podderzhki/389,,,unknown,needs_review,0
537,svoefermerstvo_federal,measure,Субсидии на развитие растениеводства,,Субсидия,https://svoefermerstvo.ru/mery-podderzhki/390,Курганской области,,,,no_deadline,[],https://svoefermerstvo.ru/mery-podderzhki/390,"зерновые, масличные, растениеводство",,specific,needs_review,0
538,svoefermerstvo_federal,measure,Субсидии на возмещение части затрат на уплату процентов по инвестиционным кредитам (займам) в агропромышленном комплексе,,Субсидия,https://svoefermerstvo.ru/mery-podderzhki/391,Курганской области,,,,no_deadline,[],https://svoefermerstvo.ru/mery-podderzhki/391,,,all,needs_review,0
539,svoefermerstvo_federal,measure,Субсидии на модернизацию объектов АПК,,Субсидия,https://svoefermerstvo.ru/mery-podderzhki/392,Курганской области,,,,no_deadline,[],https://svoefermerstvo.ru/mery-podderzhki/392,,,unknown,needs_review,0
540,svoefermerstvo_federal,measure,Субсидии на проведение мелиоративных мероприятий,,Субсидия,https://svoefermerstvo.ru/mery-podderzhki/393,Курганской области,,,,no_deadline,[],https://svoefermerstvo.ru/mery-podderzhki/393,,,unknown,needs_review,0
541,svoefermerstvo_federal,measure,Субсидии на развитие виноградарства и виноделия,,Субсидия,https://svoefermerstvo.ru/mery-podderzhki/394,Курганской области,,,,no_deadline,[],https://svoefermerstvo.ru/mery-podderzhki/394,,,unknown,needs_review,0
542,svoefermerstvo_federal,measure,Субсидии на аккредитацию ветеринарных лабораторий,,Субсидия,https://svoefermerstvo.ru/mery-podderzhki/396,Курганской области,,,,no_deadline,[],https://svoefermerstvo.ru/mery-podderzhki/396,,,unknown,needs_review,0
543,svoefermerstvo_federal,measure,Поддержка племенного животноводства,,Субсидия,https://svoefermerstvo.ru/mery-podderzhki/382,Курганской области,,,,no_deadline,[],https://svoefermerstvo.ru/mery-podderzhki/382,племенное животноводство,,specific,needs_review,0
544,svoefermerstvo_federal,measure,Субсидии на поддержку развития мясного скотоводства,,Субсидия,https://svoefermerstvo.ru/mery-podderzhki/383,Курганской области,,,,no_deadline,[],https://svoefermerstvo.ru/mery-podderzhki/383,мясное скотоводство,,specific,needs_review,0
545,svoefermerstvo_federal,measure,Субсидии на поддержку развития садоводства,,Субсидия,https://svoefermerstvo.ru/mery-podderzhki/384,Курганской области,,,,no_deadline,[],https://svoefermerstvo.ru/mery-podderzhki/384,плодовые культуры,,specific,needs_review,0
546,svoefermerstvo_federal,measure,Субсидии для производителей молока,,Субсидия,https://svoefermerstvo.ru/mery-podderzhki/385,Курганской области,,,,no_deadline,[],https://svoefermerstvo.ru/mery-podderzhki/385,молочное скотоводство,,specific,needs_review,0
547,svoefermerstvo_federal,measure,Субсидии на поддержку элитного семеноводства,,Субсидия,https://svoefermerstvo.ru/mery-podderzhki/381,Курганской области,,,,no_deadline,[],https://svoefermerstvo.ru/mery-podderzhki/381,семеноводство,,specific,needs_review,0
548,svoefermerstvo_federal,measure,Субсидии для обучающихся и научных организаций,,Субсидия,https://svoefermerstvo.ru/mery-podderzhki/369,Волгоградской области,,,,no_deadline,[],https://svoefermerstvo.ru/mery-podderzhki/369,,,unknown,needs_review,0
549,svoefermerstvo_federal,measure,Субсидии на стимулирование увеличения производства картофеля и овощей,,Субсидия,https://svoefermerstvo.ru/mery-podderzhki/397,Курганской области,,,,no_deadline,[],https://svoefermerstvo.ru/mery-podderzhki/397,"картофель, овощи",,specific,needs_review,0
550,svoefermerstvo_federal,measure,Субсидии на подготовку проектов межевания земельных участков и на проведение кадастровых работ,,Субсидия,https://svoefermerstvo.ru/mery-podderzhki/398,Курганской области,,,,no_deadline,[],https://svoefermerstvo.ru/mery-podderzhki/398,,,unknown,needs_review,0
551,svoefermerstvo_federal,measure,Возмещение части прямых понесенных затрат на создание и (или) модернизацию хранилищ,,Компенсация,https://svoefermerstvo.ru/mery-podderzhki/370,Волгоградской области,,,,no_deadline,[],https://svoefermerstvo.ru/mery-podderzhki/370,,,unknown,needs_review,0
552,svoefermerstvo_federal,measure,Возмещение части затрат на производство и реализацию рассады овощных культур,,Компенсация,https://svoefermerstvo.ru/mery-podderzhki/371,Волгоградской области,,,,no_deadline,[],https://svoefermerstvo.ru/mery-podderzhki/371,рассада и питомники,,specific,needs_review,0
553,svoefermerstvo_federal,measure,"Субсидии на возмещение затрат сельскохозяйственных товаропроизводителей, связанных с развитием сельского туризма",,Субсидия,https://svoefermerstvo.ru/mery-podderzhki/421,,,,,no_deadline,[],https://svoefermerstvo.ru/mery-podderzhki/421,,,unknown,needs_review,0
554,svoefermerstvo_federal,measure,Программа «Псковский гектар»,,Иная поддержка,https://svoefermerstvo.ru/mery-podderzhki/406,Псковской области,,,,no_deadline,[],https://svoefermerstvo.ru/mery-podderzhki/406,,,unknown,needs_review,0
555,svoefermerstvo_federal,measure,Субсидии на поддержку сельского туризма,,Субсидия,https://svoefermerstvo.ru/mery-podderzhki/422,Кемеровской области,,,,no_deadline,[],https://svoefermerstvo.ru/mery-podderzhki/422,,,unknown,needs_review,0
556,svoefermerstvo_federal,measure,"Федеральный проект ""Содействие занятости сельского населения""",,Иная поддержка,https://svoefermerstvo.ru/mery-podderzhki/402,Курганской области,,,,no_deadline,[],https://svoefermerstvo.ru/mery-podderzhki/402,,,unknown,needs_review,0
557,svoefermerstvo_federal,measure,Субсидии на поддержку животноводства,,Субсидия,https://svoefermerstvo.ru/mery-podderzhki/403,Курганской области,,,,no_deadline,[],https://svoefermerstvo.ru/mery-podderzhki/403,животноводство,,specific,needs_review,0
558,svoefermerstvo_federal,measure,Субсидии на техническое перевооружение сельскохозяйственного производства,,Субсидия,https://svoefermerstvo.ru/mery-podderzhki/404,Курганской области,,,,no_deadline,[],https://svoefermerstvo.ru/mery-podderzhki/404,,,unknown,needs_review,0
559,svoefermerstvo_federal,measure,Субсидии на приобретение модульных объектов,,Субсидия,https://svoefermerstvo.ru/mery-podderzhki/405,Курганской области,,,,no_deadline,[],https://svoefermerstvo.ru/mery-podderzhki/405,,,unknown,needs_review,0
560,svoefermerstvo_federal,measure,"Федеральный проект ""Развитие жилищного строительства на сельских территориях и повышение уровня благоустройства домовладений""",,Иная поддержка,https://svoefermerstvo.ru/mery-podderzhki/400,Курганской области,,,,no_deadline,[],https://svoefermerstvo.ru/mery-podderzhki/400,,,unknown,needs_review,0
561,svoefermerstvo_federal,measure,"Федеральный проект ""Современный облик сельских территорий""",,Иная поддержка,https://svoefermerstvo.ru/mery-podderzhki/401,,,,,no_deadline,[],https://svoefermerstvo.ru/mery-podderzhki/401,,,unknown,needs_review,0
562,svoefermerstvo_federal,measure,"Федеральный проект ""Благоустройство сельских территорий""",,Иная поддержка,https://svoefermerstvo.ru/mery-podderzhki/399,Курганской области,,,,no_deadline,[],https://svoefermerstvo.ru/mery-podderzhki/399,,,unknown,needs_review,0
563,svoefermerstvo_federal,measure,Субсидия на реализацию мероприятий по развитию сельского туризма,,Субсидия,https://svoefermerstvo.ru/mery-podderzhki/423,,,,,no_deadline,[],https://svoefermerstvo.ru/mery-podderzhki/423,,,unknown,needs_review,0
564,svoefermerstvo_federal,measure,Возмещение части затрат фермерского хозяйства,,Компенсация,https://svoefermerstvo.ru/mery-podderzhki/427,Владимирской области,,,,no_deadline,[],https://svoefermerstvo.ru/mery-podderzhki/427,,,unknown,needs_review,0
565,svoefermerstvo_federal,measure,"Субсидии сельскохозяйственным товаропроизводителям на возмещение части затрат, связанных с приобретением имущества и выполнением работ (услуг) с целью развития сельского туризма",,Субсидия,https://svoefermerstvo.ru/mery-podderzhki/424,Новгородской области,,,,no_deadline,[],https://svoefermerstvo.ru/mery-podderzhki/424,,,unknown,needs_review,0
566,svoefermerstvo_federal,measure,Субсидия крестьянским (фермерским) хозяйствам на возмещение части затрат на развитие крестьянского (фермерского) хозяйства,,Субсидия,https://svoefermerstvo.ru/mery-podderzhki/428,Смоленской области,,,,no_deadline,[],https://svoefermerstvo.ru/mery-podderzhki/428,,,unknown,needs_review,0
567,svoefermerstvo_federal,measure,"Субсидии на возмещение части затрат на развитие материально-технической базы сельскохозяйственным товаропроизводителям, товаропроизводителям, осуществляющим реализацию пищевой рыбной продукции собственного производства",,Субсидия,https://svoefermerstvo.ru/mery-podderzhki/429,,,,,no_deadline,[],https://svoefermerstvo.ru/mery-podderzhki/429,рыбоводство,,specific,needs_review,0
568,svoefermerstvo_federal,measure,Гранты на развитие сельского туризма,,Грант,https://svoefermerstvo.ru/mery-podderzhki/425,Ярославской области,,,,no_deadline,[],https://svoefermerstvo.ru/mery-podderzhki/425,,,unknown,needs_review,0
569,svoefermerstvo_federal,measure,Субсидия на развитие птицеводства,,Субсидия,https://svoefermerstvo.ru/mery-podderzhki/426,,,,,no_deadline,[],https://svoefermerstvo.ru/mery-podderzhki/426,птицеводство,,specific,needs_review,0
570,svoefermerstvo_federal,measure,"Конкурс на возмещение части затрат по поддержке СНТ, расположенных в границах городского поселения 'Город Амурск'",,Компенсация,https://svoefermerstvo.ru/mery-podderzhki/434,Амурской области,,,,no_deadline,[],https://svoefermerstvo.ru/mery-podderzhki/434,,,unknown,needs_review,0
571,svoefermerstvo_federal,measure,"Субсидии гражданам, ведущим личное подсобное хозяйство, на приобретение сельскохозяйственных животных (возмещение части затрат)",,Субсидия,https://svoefermerstvo.ru/mery-podderzhki/435,Курганской области,,,,no_deadline,[],https://svoefermerstvo.ru/mery-podderzhki/435,животноводство,,specific,needs_review,0
572,svoefermerstvo_federal,measure,"Возмещение части затрат, связанных с оплатой труда и проживанием студентов, привлеченным для прохождения практики",,Компенсация,https://svoefermerstvo.ru/mery-podderzhki/431,Ленинградской области,,,,no_deadline,[],https://svoefermerstvo.ru/mery-podderzhki/431,,,unknown,needs_review,0
573,svoefermerstvo_federal,measure,"Субсидии юридическим лицам, индивидуальным предпринимателям на возмещение части затрат на приобретение семенного материала картофеля столовых сортов, капусты белокочанной, моркови и свеклы столовой в рамках развития отрасли растениеводства",,Субсидия,https://svoefermerstvo.ru/mery-podderzhki/437,Калининградской области,,,,no_deadline,[],https://svoefermerstvo.ru/mery-podderzhki/437,"картофель, семеноводство",,specific,needs_review,0
574,svoefermerstvo_federal,measure,Cубсидия на финансовое обеспечение части затрат на восстановление заброшенных пашен,,Иная поддержка,https://svoefermerstvo.ru/mery-podderzhki/436,,,,,no_deadline,[],https://svoefermerstvo.ru/mery-podderzhki/436,,,unknown,needs_review,0
575,svoefermerstvo_federal,measure,Субсидии из областного бюджета предприятиям рыбохозяйственного комплекса за добытые (выловленные) водные биологические ресурсы,,Субсидия,https://svoefermerstvo.ru/mery-podderzhki/433,Псковской области,,,,no_deadline,[],https://svoefermerstvo.ru/mery-podderzhki/433,рыбоводство,,specific,needs_review,0
576,svoefermerstvo_federal,measure,"Возмещение части затрат, связанных с приобретением техники, машин и оборудования для возделывания картофеля и овощей",,Компенсация,https://svoefermerstvo.ru/mery-podderzhki/438,Амурской области,,,,no_deadline,[],https://svoefermerstvo.ru/mery-podderzhki/438,"картофель, овощи",,specific,needs_review,0
577,svoefermerstvo_federal,measure,Предоставление субсидий из бюджета Хабаровского муниципального района Хабаровского края сельскохозяйственным потребительским кооперативам на развитие сельскохозяйственной кооперации на территории Хабаровского муниципального района,,Субсидия,https://svoefermerstvo.ru/mery-podderzhki/430,,,,,no_deadline,[],https://svoefermerstvo.ru/mery-podderzhki/430,,,unknown,needs_review,0
578,svoefermerstvo_federal,measure,Возмещение части затрат на содержание поголовья племенного молодняка лошадей,,Компенсация,https://svoefermerstvo.ru/mery-podderzhki/432,Тамбовской области,,,,no_deadline,[],https://svoefermerstvo.ru/mery-podderzhki/432,коневодство,,specific,needs_review,0
579,svoefermerstvo_federal,measure,Поддержка приоритетных направлений агропромышленного комплекса (сельскохозяйственное страхование),,Иная поддержка,https://svoefermerstvo.ru/mery-podderzhki/442,,,,,no_deadline,[],https://svoefermerstvo.ru/mery-podderzhki/442,"животноводство, растениеводство",,specific,needs_review,0
580,svoefermerstvo_federal,measure,Субсидии из бюджета Карачаево-Черкесской Республики на финансовое обеспечение (возмещение) части понесенных затрат сельскохозяйственным потребительским кооперативам,,Субсидия,https://svoefermerstvo.ru/mery-podderzhki/443,,,,,no_deadline,[],https://svoefermerstvo.ru/mery-podderzhki/443,,,unknown,needs_review,0
581,svoefermerstvo_federal,measure,"Субсидия на обеспечение поддержания доли площади, засеянной элитными семенами, в общей площади посевов, занятой семенами сортов растений",,Субсидия,https://svoefermerstvo.ru/mery-podderzhki/439,,,,,no_deadline,[],https://svoefermerstvo.ru/mery-podderzhki/439,семеноводство,,specific,needs_review,0
582,svoefermerstvo_federal,measure,Возмещение части затрат на поддержку сельскохозяйственного страхования,,Компенсация,https://svoefermerstvo.ru/mery-podderzhki/440,Орловской области,,,,no_deadline,[],https://svoefermerstvo.ru/mery-podderzhki/440,,,unknown,needs_review,0
583,svoefermerstvo_federal,measure,Возмещение части затрат на развитие животноводства,,Компенсация,https://svoefermerstvo.ru/mery-podderzhki/444,Томской области,,,,no_deadline,[],https://svoefermerstvo.ru/mery-podderzhki/444,животноводство,,specific,needs_review,0
584,svoefermerstvo_federal,measure,Субсидии на поддержку приоритетных направлений малого агробизнеса,,Субсидия,https://svoefermerstvo.ru/mery-podderzhki/446,,,,,no_deadline,[],https://svoefermerstvo.ru/mery-podderzhki/446,,,unknown,needs_review,0
585,svoefermerstvo_federal,measure,Грантовая поддержка фермеров,,Грант,https://svoefermerstvo.ru/mery-podderzhki/445,Ленинградской области,,,,no_deadline,[],https://svoefermerstvo.ru/mery-podderzhki/445,,,unknown,needs_review,0
586,svoefermerstvo_federal,measure,"Субсидия из республиканского бюджета Чувашской Республики субъектам МСП на возмещение части затрат, связанных с приобретением оборудования в целях создания и (или) развития либо модернизации производства товаров (работ, услуг)",,Субсидия,https://svoefermerstvo.ru/mery-podderzhki/441,,,,,no_deadline,[],https://svoefermerstvo.ru/mery-podderzhki/441,,,unknown,needs_review,0
587,svoefermerstvo_federal,measure,Субсидия на поддержку животноводства в целях финансового обеспечения затрат,,Субсидия,https://svoefermerstvo.ru/mery-podderzhki/452,,,,,no_deadline,[],https://svoefermerstvo.ru/mery-podderzhki/452,животноводство,,specific,needs_review,0
588,svoefermerstvo_federal,measure,Гранты на развитие сельскохозяйственных потребительских кооперативов,,Грант,https://svoefermerstvo.ru/mery-podderzhki/451,Пензенской области,,,,no_deadline,[],https://svoefermerstvo.ru/mery-podderzhki/451,,,unknown,needs_review,0
589,svoefermerstvo_federal,measure,"Субсидии на возмещение части затрат на уплату процентов по кредитам, полученным в российских кредитных организациях на цели переработки молока на пищевую продукцию",,Субсидия,https://svoefermerstvo.ru/mery-podderzhki/453,Пензенской области,,,,no_deadline,[],https://svoefermerstvo.ru/mery-podderzhki/453,переработка молока,,specific,needs_review,0
590,svoefermerstvo_federal,measure,Грант «Агромотиватор» на поддержку приоритетных направлений малого агробизнеса по направлению «Развитие крестьянско-фермерских хозяйств»,,Грант,https://svoefermerstvo.ru/mery-podderzhki/448,Курганской области,,,,no_deadline,[],https://svoefermerstvo.ru/mery-podderzhki/448,,,unknown,needs_review,0
591,svoefermerstvo_federal,measure,Гранты «Агромотиватор»,,Грант,https://svoefermerstvo.ru/mery-podderzhki/447,Кемеровской области,,,,no_deadline,[],https://svoefermerstvo.ru/mery-podderzhki/447,,,unknown,needs_review,0
592,svoefermerstvo_federal,measure,"Субсидии на возмещение части затрат, связанных с оплатой труда и проживанием студентов, привлеченных для прохождения практики",,Субсидия,https://svoefermerstvo.ru/mery-podderzhki/454,,,,,no_deadline,[],https://svoefermerstvo.ru/mery-podderzhki/454,,,unknown,needs_review,0
593,svoefermerstvo_federal,measure,Грант «Агромотиватор»,,Грант,https://svoefermerstvo.ru/mery-podderzhki/450,Мурманской области,,,,no_deadline,[],https://svoefermerstvo.ru/mery-podderzhki/450,,,unknown,needs_review,0
594,svoefermerstvo_federal,measure,"Субсидии сельскохозяйственным кооперативам, связанных с их развитием",,Субсидия,https://svoefermerstvo.ru/mery-podderzhki/456,Смоленской области,,,,no_deadline,[],https://svoefermerstvo.ru/mery-podderzhki/456,животноводство,,specific,needs_review,0
595,svoefermerstvo_federal,measure,"Субсидии на стимулирование развития приоритетных подотраслей агропромышленного комплекса и развитие малых форм хозяйствования (областной бюджет, на проведение агротехнологических работ)",,Субсидия,https://svoefermerstvo.ru/mery-podderzhki/455,,,,,no_deadline,[],https://svoefermerstvo.ru/mery-podderzhki/455,"зернобобовые, зерновые",,specific,needs_review,0
596,svoefermerstvo_federal,measure,Субсидии на поддержку приоритетных направлений малого агробизнеса в части возмещения затрат крестьянским (фермерским) хозяйствам,,Субсидия,https://svoefermerstvo.ru/mery-podderzhki/459,Псковской области,,,,no_deadline,[],https://svoefermerstvo.ru/mery-podderzhki/459,,,unknown,needs_review,0
597,svoefermerstvo_federal,measure,Гранты на развитие сельскохозяйственных потребительских кооперативов,,Грант,https://svoefermerstvo.ru/mery-podderzhki/458,,,,,no_deadline,[],https://svoefermerstvo.ru/mery-podderzhki/458,,,unknown,needs_review,0
598,svoefermerstvo_federal,measure,"Субсидии на возмещение части затрат на модернизацию объектов (реконструкция, капитальный ремонт, оснащение оборудованием)",,Субсидия,https://svoefermerstvo.ru/mery-podderzhki/462,,,,,no_deadline,[],https://svoefermerstvo.ru/mery-podderzhki/462,,,unknown,needs_review,0
599,svoefermerstvo_federal,measure,Поддержка производства овощей защищенного грунта,,Иная поддержка,https://svoefermerstvo.ru/mery-podderzhki/457,Московской области,,,,no_deadline,[],https://svoefermerstvo.ru/mery-podderzhki/457,тепличное хозяйство,,specific,needs_review,0
600,svoefermerstvo_federal,measure,Субсидии на возмещение части затрат краевых предприятий на поддержку технической и технологической модернизации сельскохозяйственного производства,,Субсидия,https://svoefermerstvo.ru/mery-podderzhki/461,,,,,no_deadline,[],https://svoefermerstvo.ru/mery-podderzhki/461,,,unknown,needs_review,0
601,svoefermerstvo_federal,measure,Субсидии сельскохозяйственным товаропроизводителям на возмещение части прямых понесенных затрат на создание и (или) модернизацию объектов молочного животноводства,,Субсидия,https://svoefermerstvo.ru/mery-podderzhki/460,,,,,no_deadline,[],https://svoefermerstvo.ru/mery-podderzhki/460,,,unknown,needs_review,0
602,svoefermerstvo_federal,measure,Субсидия на возмещение части затрат на производство продукции отраслей животноводства,,Субсидия,https://svoefermerstvo.ru/mery-podderzhki/464,Ленинградской области,,,,no_deadline,[],https://svoefermerstvo.ru/mery-podderzhki/464,"животноводство, свиноводство",,specific,needs_review,0
603,svoefermerstvo_federal,measure,"Субсидии на компенсацию юридическим лицам затрат на приобретение техники, возникших при реализации инвестиционного проекта по созданию молочных комплексов (ферм)",,Субсидия,https://svoefermerstvo.ru/mery-podderzhki/465,Псковской области,,,,no_deadline,[],https://svoefermerstvo.ru/mery-podderzhki/465,,,unknown,needs_review,0
604,svoefermerstvo_federal,measure,"Возмещение части прямых понесенных затрат на создание, реконструкцию и (или) модернизацию объектов агропромышленного комплекса, а также на приобретение техники и оборудования за счет средств республиканского бюджета",,Компенсация,https://svoefermerstvo.ru/mery-podderzhki/463,,,,,no_deadline,[],https://svoefermerstvo.ru/mery-podderzhki/463,,,unknown,needs_review,0
605,svoefermerstvo_federal,measure,Субсидии на возмещение части затрат на приобретение специализированных кормов для развития товарного рыбоводства (аквакультуры),,Субсидия,https://svoefermerstvo.ru/mery-podderzhki/466,Калужской области,,,,no_deadline,[],https://svoefermerstvo.ru/mery-podderzhki/466,рыбоводство,,specific,needs_review,0
606,svoefermerstvo_federal,measure,"Государственная поддержка хмелеводства на развитие материально-технической базы, на закладку и уход за насаждениями хмеля",,Иная поддержка,https://svoefermerstvo.ru/mery-podderzhki/467,,,,,no_deadline,[],https://svoefermerstvo.ru/mery-podderzhki/467,,,unknown,needs_review,0
607,svoefermerstvo_federal,measure,Поддержка приоритетных направлений агропромышленного комплекса (возмещение части затрат на приобретение элитных семян),,Компенсация,https://svoefermerstvo.ru/mery-podderzhki/470,Новосибирской области,,,,no_deadline,[],https://svoefermerstvo.ru/mery-podderzhki/470,семеноводство,,specific,needs_review,0
608,svoefermerstvo_federal,measure,"Субсидии сельскохозяйственным товаропроизводителям, а также организациям по искусственному осеменению сельскохозяйственных животных на поддержку племенного животноводства",,Субсидия,https://svoefermerstvo.ru/mery-podderzhki/468,,,,,no_deadline,[],https://svoefermerstvo.ru/mery-podderzhki/468,"животноводство, племенное животноводство",,specific,needs_review,0
609,svoefermerstvo_federal,measure,"Субсидия для ЛПХ, К(Ф)Х и ИП, являющихся сельскохозяйственными товаропроизводителями, источником финансового обеспечения которой являются средства бюджета Томского района",,Субсидия,https://svoefermerstvo.ru/mery-podderzhki/471,Томской области,,,,no_deadline,[],https://svoefermerstvo.ru/mery-podderzhki/471,,,unknown,needs_review,0
610,svoefermerstvo_federal,measure,"Субсидия на возмещение части затрат, связанных с приобретением семян сельскохозяйственных культур",,Субсидия,https://svoefermerstvo.ru/mery-podderzhki/469,,,,,no_deadline,[],https://svoefermerstvo.ru/mery-podderzhki/469,растениеводство,,specific,needs_review,0
611,svoefermerstvo_federal,measure,Возмещение части затрат на выращивание сидеральных культур в целях воспроизводства плодородия почв и биологизации земледелия,,Компенсация,https://svoefermerstvo.ru/mery-podderzhki/474,,,,,no_deadline,[],https://svoefermerstvo.ru/mery-podderzhki/474,,,unknown,needs_review,0
612,svoefermerstvo_federal,measure,Субсидия на возмещение части прямых понесенных затрат на создание и(или) модернизацию объектов агропромышленного комплекса и объектов по переработке сельскохозяйственной продукции,,Субсидия,https://svoefermerstvo.ru/mery-podderzhki/475,Ленинградской области,,,,no_deadline,[],https://svoefermerstvo.ru/mery-podderzhki/475,переработка сельхозпродукции,,specific,needs_review,0
613,svoefermerstvo_federal,measure,"Субсидии гражданам, ведущим личное подсобное хозяйство, на приобретение сельскохозяйственных животных (финансовое обеспечение части затрат)",,Субсидия,https://svoefermerstvo.ru/mery-podderzhki/476,Курганской области,,,,no_deadline,[],https://svoefermerstvo.ru/mery-podderzhki/476,животноводство,,specific,needs_review,0
614,svoefermerstvo_federal,measure,"Возмещение части затрат на уплату страховой премии, начисленной по договорам сельскохозяйственного страхования в области растениеводства, животноводства и товарной аквакультуры",,Компенсация,https://svoefermerstvo.ru/mery-podderzhki/472,,,,,no_deadline,[],https://svoefermerstvo.ru/mery-podderzhki/472,"животноводство, растениеводство, рыбоводство",,specific,needs_review,0
615,svoefermerstvo_federal,measure,"Субсидия на возмещение части затрат сельскохозяйственных товаропроизводителей на уплату страховой премии, начисленной по договору сельскохозяйственного страхования",,Субсидия,https://svoefermerstvo.ru/mery-podderzhki/473,,,,,no_deadline,[],https://svoefermerstvo.ru/mery-podderzhki/473,,,unknown,needs_review,0
616,svoefermerstvo_federal,measure,Субсидии предприятиям аквакультуры на возмещение части затрат на рыбопосадочный материал и корма,,Субсидия,https://svoefermerstvo.ru/mery-podderzhki/477,Псковской области,,,,no_deadline,[],https://svoefermerstvo.ru/mery-podderzhki/477,рыбоводство,,specific,needs_review,0
617,svoefermerstvo_federal,measure,"Поддержка приоритетных направлений агропромышленного комплекса (возмещение части затрат сельскохозяйственных товаропроизводителей на уплату страховой премии, начисленной по договорам сельскохозяйственного страхования в области растениеводства)",,Компенсация,https://svoefermerstvo.ru/mery-podderzhki/479,Новосибирской области,,,,no_deadline,[],https://svoefermerstvo.ru/mery-podderzhki/479,растениеводство,,specific,needs_review,0
618,svoefermerstvo_federal,measure,"Возмещение части затрат на проведение уходных работ за многолетними насаждениями (за искл. виноградников), до вступления в товарное плодоношение, но не более 3 лет с момента закладки для садов интенсивного типа",,Компенсация,https://svoefermerstvo.ru/mery-podderzhki/483,Липецкой области,,,,no_deadline,[],https://svoefermerstvo.ru/mery-podderzhki/483,,,unknown,needs_review,0
619,svoefermerstvo_federal,measure,"Субсидии на возмещение части фактически понесенных затрат на выплаты стимулирующего характера специалистам по заключенным контрактам с агровузамии и (или) профильными научными учреждениями, и (или) иными вузами и (или) иными научными учреждениями",,Субсидия,https://svoefermerstvo.ru/mery-podderzhki/482,,,,,no_deadline,[],https://svoefermerstvo.ru/mery-podderzhki/482,,,all,needs_review,0
620,svoefermerstvo_federal,measure,"Субсидия на возмещение части затрат на проведение комплекса агротехнологических работ в отношении посевных площадей, занятых масличными культурами",,Субсидия,https://svoefermerstvo.ru/mery-podderzhki/480,Смоленской области,,,,no_deadline,[],https://svoefermerstvo.ru/mery-podderzhki/480,масличные,,specific,needs_review,0
621,svoefermerstvo_federal,measure,Грант в форме субсидии 'Агрозащитник',,Грант,https://svoefermerstvo.ru/mery-podderzhki/481,Новосибирской области,,,,no_deadline,[],https://svoefermerstvo.ru/mery-podderzhki/481,,,unknown,needs_review,0
622,svoefermerstvo_federal,measure,Возмещение части затрат на приобретение элитных семян сельскохозяйственных культур,,Компенсация,https://svoefermerstvo.ru/mery-podderzhki/478,,,,,no_deadline,[],https://svoefermerstvo.ru/mery-podderzhki/478,"растениеводство, семеноводство",,specific,needs_review,0
623,svoefermerstvo_federal,measure,"Субсидии юридическим лицам, индивидуальным предпринимателям на развитие отрасли животноводства (возмещение части затрат на производство яиц)",,Субсидия,https://svoefermerstvo.ru/mery-podderzhki/489,Калининградской области,,,,no_deadline,[],https://svoefermerstvo.ru/mery-podderzhki/489,животноводство,,specific,needs_review,0
624,svoefermerstvo_federal,measure,Государственная поддержка на развитие хмелеводства в рамках реализации индивидуальной программы социально-экономического развития,,Иная поддержка,https://svoefermerstvo.ru/mery-podderzhki/490,,,,,no_deadline,[],https://svoefermerstvo.ru/mery-podderzhki/490,,,unknown,needs_review,0
625,svoefermerstvo_federal,measure,"Субсидии на возмещение части затрат на поддержку элит.сем.по ст.на 1 га посев.площ., засеян. элит.сем.сх культ, свед о кот.вкл. в Гос.р.сорт.и гибр сх растен, допу.к испо., за искл.посевн.пл., засея.ориг. и элит.посев семен.картоф и(или) сем.посев.овощ.ку",,Субсидия,https://svoefermerstvo.ru/mery-podderzhki/485,Тюменской области,,,,no_deadline,[],https://svoefermerstvo.ru/mery-podderzhki/485,,овощи,unknown,needs_review,0
626,svoefermerstvo_federal,measure,Возмещение части затрат по заключенным ученическим договорам и договорам о целевом обучении,,Компенсация,https://svoefermerstvo.ru/mery-podderzhki/486,Ленинградской области,,,,no_deadline,[],https://svoefermerstvo.ru/mery-podderzhki/486,,,unknown,needs_review,0
627,svoefermerstvo_federal,measure,Возмещение части затрат на капитальный ремонт и (или) оснащение оборудованием школ с агротехнологическими классами,,Компенсация,https://svoefermerstvo.ru/mery-podderzhki/484,Ленинградской области,,,,no_deadline,[],https://svoefermerstvo.ru/mery-podderzhki/484,,,unknown,needs_review,0
628,svoefermerstvo_federal,measure,Субсидии на поддержку племенного животноводства на возмещение части затрат на содержание племенного маточного поголовья крупного рогатого скота (на поддержку селекционных мероприятий),,Субсидия,https://svoefermerstvo.ru/mery-podderzhki/488,Иркутской области,,,,no_deadline,[],https://svoefermerstvo.ru/mery-podderzhki/488,племенное животноводство,,specific,needs_review,0
629,svoefermerstvo_federal,measure,Гранты на развитие фермерского хозяйства,,Грант,https://svoefermerstvo.ru/mery-podderzhki/487,,,,,no_deadline,[],https://svoefermerstvo.ru/mery-podderzhki/487,,,unknown,needs_review,0
630,svoefermerstvo_federal,measure,Поддержка приоритетных направлений малого агробизнеса (на развитие сельскохозяйственных потребительских кооперативов),,Иная поддержка,https://svoefermerstvo.ru/mery-podderzhki/491,,,,,no_deadline,[],https://svoefermerstvo.ru/mery-podderzhki/491,,,all,needs_review,0
631,svoefermerstvo_federal,measure,"Субсидии на возмещение части затрат на поддержку элитного семеноводства на 1 тонну элитных и (или) оригинальных семян картофеля и (или) овощных культур, включая гибриды овощных культур.",,Субсидия,https://svoefermerstvo.ru/mery-podderzhki/494,Тюменской области,,,,no_deadline,[],https://svoefermerstvo.ru/mery-podderzhki/494,"картофель, овощи",,specific,needs_review,0
632,svoefermerstvo_federal,measure,"Государственная поддержка, направленная на стимулирование увеличения производства картофеля и овощей (возмещение части затрат на поддержку элитного семеноводства)",,Компенсация,https://svoefermerstvo.ru/mery-podderzhki/495,Новосибирской области,,,,no_deadline,[],https://svoefermerstvo.ru/mery-podderzhki/495,"картофель, овощи",,specific,needs_review,0
633,svoefermerstvo_federal,measure,"Субсидии в целях возмещения части затрат на поддержку собственного производства молока, понесенных в предыдущем году",,Субсидия,https://svoefermerstvo.ru/mery-podderzhki/492,Иркутской области,,,,no_deadline,[],https://svoefermerstvo.ru/mery-podderzhki/492,молочное скотоводство,,specific,needs_review,0
634,svoefermerstvo_federal,measure,"Возмещение части затрат, связанных с приобретением техники, машин и оборудования",,Компенсация,https://svoefermerstvo.ru/mery-podderzhki/493,Амурской области,,,,no_deadline,[],https://svoefermerstvo.ru/mery-podderzhki/493,,,all,needs_review,0
635,svoefermerstvo_federal,measure,"Субсидии на поддержку проведения агротехнологических работ, повышение уровня экологической безопасности сельскохозяйственного производства, а также повышение плодородия и качества почв",,Субсидия,https://svoefermerstvo.ru/mery-podderzhki/502,Тверской области,,,,no_deadline,[],https://svoefermerstvo.ru/mery-podderzhki/502,"зернобобовые, зерновые, масличные",,specific,needs_review,0
636,svoefermerstvo_federal,measure,Субсидия на поддержку приоритетных направлений агропромышленного комплекса (на поддержку сельскохозяйственного страхования),,Субсидия,https://svoefermerstvo.ru/mery-podderzhki/499,Тульской области,,,,no_deadline,[],https://svoefermerstvo.ru/mery-podderzhki/499,"животноводство, растениеводство",,specific,needs_review,0
637,svoefermerstvo_federal,measure,Стимулирование увеличения производства картофеля и овощей (поддержка доходности сельскохозяйственных товаропроизводителей в области картофелеводства и овощеводства),,Иная поддержка,https://svoefermerstvo.ru/mery-podderzhki/501,Оренбургской области,,,,no_deadline,[],https://svoefermerstvo.ru/mery-podderzhki/501,"картофель, овощи",,specific,needs_review,0
638,svoefermerstvo_federal,measure,Субсидия на проведение мелиоративных мероприятий (Федеральный отбор) 2026 год,,Субсидия,https://svoefermerstvo.ru/mery-podderzhki/497,Ленинградской области,,,,no_deadline,[],https://svoefermerstvo.ru/mery-podderzhki/497,,,unknown,needs_review,0
639,svoefermerstvo_federal,measure,"Поддержка приоритетных направлений малого агробизнеса (гранты на развитие фермерского хозяйства, до 8 млн. рублей)",,Грант,https://svoefermerstvo.ru/mery-podderzhki/496,Амурской области,,,,no_deadline,[],https://svoefermerstvo.ru/mery-podderzhki/496,,,unknown,needs_review,0
640,svoefermerstvo_federal,measure,Возмещение части затрат на семеноводство и производство продукции отраслей растениеводства,,Компенсация,https://svoefermerstvo.ru/mery-podderzhki/500,Ленинградской области,,,,no_deadline,[],https://svoefermerstvo.ru/mery-podderzhki/500,"растениеводство, семеноводство",,specific,needs_review,0
641,svoefermerstvo_federal,measure,Предоставление субсидий на возмещение части затрат на выплаты стимулирующего характера специалистам - участникам ключевого проекта в сфере агропромышленного комплекса и (или) учителям,,Субсидия,https://svoefermerstvo.ru/mery-podderzhki/498,Ивановской области,,,,no_deadline,[],https://svoefermerstvo.ru/mery-podderzhki/498,,,unknown,needs_review,0
642,svoefermerstvo_federal,measure,Субсидия на возмещение части затрат на приобретение техники и оборудования,,Субсидия,https://svoefermerstvo.ru/mery-podderzhki/508,Ленинградской области,,,,no_deadline,[],https://svoefermerstvo.ru/mery-podderzhki/508,,,unknown,needs_review,0
643,svoefermerstvo_federal,measure,Субсидии на реализацию мероприятий по содействию повышения кадровой обеспеченности предприятий агропромышленного комплекса,,Субсидия,https://svoefermerstvo.ru/mery-podderzhki/507,Тульской области,,,,no_deadline,[],https://svoefermerstvo.ru/mery-podderzhki/507,,,unknown,needs_review,0
644,svoefermerstvo_federal,measure,"Субсидия на возмещение части затрат на уплату страховых премий, начисленных по договорам сельскохозяйственного страхования в области растениеводства и (или) животноводства",,Субсидия,https://svoefermerstvo.ru/mery-podderzhki/506,Курской области,,,,no_deadline,[],https://svoefermerstvo.ru/mery-podderzhki/506,"животноводство, растениеводство",,specific,needs_review,0
645,svoefermerstvo_federal,measure,Субсидий на содержание маточного товарного поголовья крупного рогатого скота специализированных мясных пород,,Субсидия,https://svoefermerstvo.ru/mery-podderzhki/505,Иркутской области,,,,no_deadline,[],https://svoefermerstvo.ru/mery-podderzhki/505,,,unknown,needs_review,0
646,svoefermerstvo_federal,measure,"Субсидии на возмещение части затрат на техническую и технологическую модернизацию, инновационное развитие",,Субсидия,https://svoefermerstvo.ru/mery-podderzhki/503,Калужской области,,,,no_deadline,[],https://svoefermerstvo.ru/mery-podderzhki/503,,,unknown,needs_review,0
647,svoefermerstvo_federal,measure,Субсидия на возмещение части затрат на поддержку элитного семеноводства картофеля и (или) овощных культур,,Субсидия,https://svoefermerstvo.ru/mery-podderzhki/504,Ленинградской области,,,,no_deadline,[],https://svoefermerstvo.ru/mery-podderzhki/504,"картофель, овощи",,specific,needs_review,0
648,svoefermerstvo_federal,measure,"Поддержка производства продукции плодовых и ягодных культур, включая уход за многолетними насаждениями (за исключением виноградников)",,Иная поддержка,https://svoefermerstvo.ru/mery-podderzhki/511,Челябинской области,,,,no_deadline,[],https://svoefermerstvo.ru/mery-podderzhki/511,"плодовые культуры, ягоды",,specific,needs_review,0
649,svoefermerstvo_federal,measure,Субсидия на развитие сельскохозяйственного потребительского кооператива,,Субсидия,https://svoefermerstvo.ru/mery-podderzhki/512,Омской области,,,,no_deadline,[],https://svoefermerstvo.ru/mery-podderzhki/512,,,unknown,needs_review,0
650,svoefermerstvo_federal,measure,"Субсидия из бюджета Удмуртской Республики на возмещение фактически произведенных затрат по созданию объектов инфраструктуры, необходимых для реализации новых инвестиционных проектов",,Субсидия,https://svoefermerstvo.ru/mery-podderzhki/514,,,,,no_deadline,[],https://svoefermerstvo.ru/mery-podderzhki/514,,,unknown,needs_review,0
651,svoefermerstvo_federal,measure,Грант в форме субсидий на строительство «пилотного» овцеводческого монокомплекса по разведению овец,,Грант,https://svoefermerstvo.ru/mery-podderzhki/515,,,,,no_deadline,[],https://svoefermerstvo.ru/mery-podderzhki/515,,,unknown,needs_review,0
652,svoefermerstvo_federal,measure,"Возмещение части затрат на уплату страховых премий, начисленных по договорам сельскохозяйственного страхования в области растениеводства",,Компенсация,https://svoefermerstvo.ru/mery-podderzhki/510,Липецкой области,,,,no_deadline,[],https://svoefermerstvo.ru/mery-podderzhki/510,растениеводство,,specific,needs_review,0
653,svoefermerstvo_federal,measure,"Субсидии на поддержку граждан, ведущих личное подсобное хозяйство и применяющих специальный налоговый режим 'Налог на профессиональный доход'",,Субсидия,https://svoefermerstvo.ru/mery-podderzhki/513,,,,,no_deadline,[],https://svoefermerstvo.ru/mery-podderzhki/513,,,unknown,needs_review,0
654,svoefermerstvo_federal,measure,Субсидии сельскохозяйственным товаропроизводителям на оказание несвязанной поддержки в области растениеводства,,Субсидия,https://svoefermerstvo.ru/mery-podderzhki/509,Омской области,,,,no_deadline,[],https://svoefermerstvo.ru/mery-podderzhki/509,растениеводство,,specific,needs_review,0
655,svoefermerstvo_federal,measure,"Субсидии на возмещение части затрат на сохранение посевных площадей, занятых зерновыми и (или) кормовыми культурами",,Субсидия,https://svoefermerstvo.ru/mery-podderzhki/517,,,,,no_deadline,[],https://svoefermerstvo.ru/mery-podderzhki/517,"зерновые, кормовые культуры",,specific,needs_review,0
656,svoefermerstvo_federal,measure,Возмещение части затрат на приобретение минеральных удобрений,,Компенсация,https://svoefermerstvo.ru/mery-podderzhki/518,,,,,no_deadline,[],https://svoefermerstvo.ru/mery-podderzhki/518,,,unknown,needs_review,0
657,svoefermerstvo_federal,measure,Гранты Главы Республики Башкортостан садоводческим и огородническим некоммерческим товариществам на финансовое обеспечение затрат,,Грант,https://svoefermerstvo.ru/mery-podderzhki/520,,,,,no_deadline,[],https://svoefermerstvo.ru/mery-podderzhki/520,,,unknown,needs_review,0
658,svoefermerstvo_federal,measure,Грант на развитие сельскохозяйственного потребительского кооператива,,Грант,https://svoefermerstvo.ru/mery-podderzhki/521,Омской области,,,,no_deadline,[],https://svoefermerstvo.ru/mery-podderzhki/521,,,unknown,needs_review,0
659,svoefermerstvo_federal,measure,Субсидии на возмещение части затрат на замену серопозитивного крупного рогатого скота по вирусу лейкоза на серонегативный,,Субсидия,https://svoefermerstvo.ru/mery-podderzhki/519,Калужской области,,,,no_deadline,[],https://svoefermerstvo.ru/mery-podderzhki/519,,,unknown,needs_review,0
660,svoefermerstvo_federal,measure,Субсидии на возмещение части затрат на объекты образования и (или) на агротехнологические классы,,Субсидия,https://svoefermerstvo.ru/mery-podderzhki/522,,,,,no_deadline,[],https://svoefermerstvo.ru/mery-podderzhki/522,,,unknown,needs_review,0
661,svoefermerstvo_federal,measure,"Субсидия на возмещение части затрат на уплату страховой премии, начисленной по договорам сельскохозяйственного страхования в области растениеводства",,Субсидия,https://svoefermerstvo.ru/mery-podderzhki/516,Кемеровской области,,,,no_deadline,[],https://svoefermerstvo.ru/mery-podderzhki/516,растениеводство,,specific,needs_review,0
662,svoefermerstvo_federal,measure,"Субсидия на возмещение части затрат на проведение мероприятий по химической мелиорации земель, включая мероприятия в области известкования кислых почв на пашне, а также мероприятия в области фосфоритования почв",,Субсидия,https://svoefermerstvo.ru/mery-podderzhki/523,Смоленской области,,,,no_deadline,[],https://svoefermerstvo.ru/mery-podderzhki/523,,,unknown,needs_review,0
663,svoefermerstvo_federal,measure,"Субсидии на возмещение части затрат, связанных с поддержкой закладки и уходом за многолетними плодовыми и (или) ягодными насаждениями, виноградниками и виноградными питомниками",,Субсидия,https://svoefermerstvo.ru/mery-podderzhki/525,,,,,no_deadline,[],https://svoefermerstvo.ru/mery-podderzhki/525,"плодовые культуры, ягоды",,specific,needs_review,0
664,svoefermerstvo_federal,measure,"Субсидии на возмещение части затрат на выплаты стимулирующего характера педагогическим работникам, осуществляющим обучение по профильным агротехнологическим предметам в общеобразовательных организациях с агротехнологическими классами",,Субсидия,https://svoefermerstvo.ru/mery-podderzhki/526,Курской области,,,,no_deadline,[],https://svoefermerstvo.ru/mery-podderzhki/526,,,unknown,needs_review,0
665,svoefermerstvo_federal,measure,Субсидии на возмещение части затрат на выплаты стимулирующего характера,,Субсидия,https://svoefermerstvo.ru/mery-podderzhki/527,,,,,no_deadline,[],https://svoefermerstvo.ru/mery-podderzhki/527,,,unknown,needs_review,0
666,svoefermerstvo_federal,measure,На поддержку технической и технологической модернизации организаций по искусственному осеменению,,Иная поддержка,https://svoefermerstvo.ru/mery-podderzhki/528,,,,,no_deadline,[],https://svoefermerstvo.ru/mery-podderzhki/528,животноводство,,specific,needs_review,0
667,svoefermerstvo_federal,measure,Субсидии сельскохозяйственным товаропроизводителям на возмещение части затрат на реализацию гидромелиоративных мероприятий,,Субсидия,https://svoefermerstvo.ru/mery-podderzhki/524,,,,,no_deadline,[],https://svoefermerstvo.ru/mery-podderzhki/524,,,unknown,needs_review,0
668,svoefermerstvo_federal,measure,"Субсидия на поддержку животноводства (возмещение части затрат на закуп молока у граждан, ведущих личное подсобное хозяйство)",,Субсидия,https://svoefermerstvo.ru/mery-podderzhki/532,Кемеровской области,,,,no_deadline,[],https://svoefermerstvo.ru/mery-podderzhki/532,"животноводство, молочное скотоводство",,specific,needs_review,0
669,svoefermerstvo_federal,measure,"Субсидии на поддержку приоритетных направлений агропромышленного комплекса (областной бюджет, на поддержку завоза семян для выращивания кормовых культур в районах Крайнего Севера и приравненных к ним местностях)",,Субсидия,https://svoefermerstvo.ru/mery-podderzhki/529,,,,,no_deadline,[],https://svoefermerstvo.ru/mery-podderzhki/529,кормовые культуры,,specific,needs_review,0
670,svoefermerstvo_federal,measure,Субсидии на возмещение заявителям части фактически понесенных затрат по заключенным ученическим договорам и договорам о целевом обучении,,Субсидия,https://svoefermerstvo.ru/mery-podderzhki/533,,,,,no_deadline,[],https://svoefermerstvo.ru/mery-podderzhki/533,,,unknown,needs_review,0
671,svoefermerstvo_federal,measure,Субсидии на закладку и (или) уход за многолетними насаждениями,,Субсидия,https://svoefermerstvo.ru/mery-podderzhki/535,Пензенской области,,,,no_deadline,[],https://svoefermerstvo.ru/mery-podderzhki/535,рассада и питомники,,specific,needs_review,0
672,svoefermerstvo_federal,measure,"Предоставление субсидии гражданам, ведущим личные подсобные хозяйства и применяющим специальный налоговый режим 'Налог на профессиональный доход', на содержание поголовья коров, овцематок, козоматок",,Субсидия,https://svoefermerstvo.ru/mery-podderzhki/534,,,,,no_deadline,[],https://svoefermerstvo.ru/mery-podderzhki/534,"козоводство, овцеводство",,specific,needs_review,0
673,svoefermerstvo_federal,measure,Субсидии на возмещение части фактически понесённых затрат на выплаты стимулирующего характера учителям,,Субсидия,https://svoefermerstvo.ru/mery-podderzhki/530,,,,,no_deadline,[],https://svoefermerstvo.ru/mery-podderzhki/530,,,unknown,needs_review,0
674,svoefermerstvo_federal,measure,Cубсидии на развитие элитного овощеводства и картофелеводства,,Иная поддержка,https://svoefermerstvo.ru/mery-podderzhki/531,Оренбургской области,,,,no_deadline,[],https://svoefermerstvo.ru/mery-podderzhki/531,"картофель, овощи",,specific,needs_review,0
675,svoefermerstvo_federal,measure,Субсидии на поддержку приоритетных направлений агропромышленного комплекса (поддержка сельскохозяйственного страхования),,Субсидия,https://svoefermerstvo.ru/mery-podderzhki/541,Калужской области,,,,no_deadline,[],https://svoefermerstvo.ru/mery-podderzhki/541,"животноводство, растениеводство",,specific,needs_review,0
676,svoefermerstvo_federal,measure,"Инженерное обеспечение садоводческих некоммерческих товариществ, огороднических и дачных некоммерческих товариществ",,Иная поддержка,https://svoefermerstvo.ru/mery-podderzhki/538,,,,,no_deadline,[],https://svoefermerstvo.ru/mery-podderzhki/538,,,unknown,needs_review,0
677,svoefermerstvo_federal,measure,"Субсидии юридическим лицам, индивидуальным предпринимателям на развитие отрасли животноводства (возмещение части затрат на производство продукции звероводства)",,Субсидия,https://svoefermerstvo.ru/mery-podderzhki/542,Калининградской области,,,,no_deadline,[],https://svoefermerstvo.ru/mery-podderzhki/542,животноводство,,specific,needs_review,0
678,svoefermerstvo_federal,measure,"Субсидия на обеспечение увеличения размеров посевных площадей, занятых зерновыми, зернобобовыми, масличными (за исключением рапса и сои) и кормовыми сельскохозяйственными культурами",,Субсидия,https://svoefermerstvo.ru/mery-podderzhki/539,,,,,no_deadline,[],https://svoefermerstvo.ru/mery-podderzhki/539,"зернобобовые, зерновые, масличные",,specific,needs_review,0
679,svoefermerstvo_federal,measure,"Возмещение затрат, связанных с оплатой труда и проживанием студентов при прохождении практики",,Компенсация,https://svoefermerstvo.ru/mery-podderzhki/540,Амурской области,,,,no_deadline,[],https://svoefermerstvo.ru/mery-podderzhki/540,,,unknown,needs_review,0
680,svoefermerstvo_federal,measure,Субсидии на поддержку племенного животноводства,,Субсидия,https://svoefermerstvo.ru/mery-podderzhki/536,,,,,no_deadline,[],https://svoefermerstvo.ru/mery-podderzhki/536,племенное животноводство,,specific,needs_review,0
681,svoefermerstvo_federal,measure,Субсидии на поддержку животноводства,,Субсидия,https://svoefermerstvo.ru/mery-podderzhki/537,Ивановской области,,,,no_deadline,[],https://svoefermerstvo.ru/mery-podderzhki/537,животноводство,,specific,needs_review,0
682,svoefermerstvo_federal,measure,"Субсидии на поддержку проведения агротехнологических работ, повышение уровня экологической безопасности сельскохозяйственного производства, а также повышение плодородия и качества почв по картофелю",,Субсидия,https://svoefermerstvo.ru/mery-podderzhki/548,,,,,no_deadline,[],https://svoefermerstvo.ru/mery-podderzhki/548,картофель,,specific,needs_review,0
683,svoefermerstvo_federal,measure,Субсидия на финансовое обеспечение затрат Центров компетенций в сфере сельскохозяйственной кооперации и поддержки фермеров,,Субсидия,https://svoefermerstvo.ru/mery-podderzhki/549,Белгородской области,,,,no_deadline,[],https://svoefermerstvo.ru/mery-podderzhki/549,,,unknown,needs_review,0
684,svoefermerstvo_federal,measure,"Субсидия на возмещение части затрат на проведение культуртехнических мероприятий на выбывших сельскохозяйственных угодьях, вовлекаемых в сельскохозяйственный оборот",,Субсидия,https://svoefermerstvo.ru/mery-podderzhki/544,Смоленской области,,,,no_deadline,[],https://svoefermerstvo.ru/mery-podderzhki/544,,,unknown,needs_review,0
685,svoefermerstvo_federal,measure,Субсидии на поддержку племенного животноводства на возмещение части затрат на содержание племенного маточного поголовья сельскохозяйственных животных (за исключением племенного маточного поголовья крупного рогатого скота),,Субсидия,https://svoefermerstvo.ru/mery-podderzhki/545,Иркутской области,,,,no_deadline,[],https://svoefermerstvo.ru/mery-podderzhki/545,племенное животноводство,,specific,needs_review,0
686,svoefermerstvo_federal,measure,"Стимулирование увеличения производства картофеля и овощей (Проведение агротехнологических работ, повышение уровня экологической безопасности сельскохозяйственного производства на 1 гектар посевной площади, занятой картофелем)",,Иная поддержка,https://svoefermerstvo.ru/mery-podderzhki/547,Тверской области,,,,no_deadline,[],https://svoefermerstvo.ru/mery-podderzhki/547,"картофель, овощи",,specific,needs_review,0
687,svoefermerstvo_federal,measure,"Субсидия для сельскохозяйственных товаропроизводителей, осуществляющих деятельность в зонах с режимом чрезвычайной ситуации введенным в июле 2025 года, на возмещение части затрат, связанных с проведением сева озимых культур под урожай 2026 года.",,Субсидия,https://svoefermerstvo.ru/mery-podderzhki/543,,,,,no_deadline,[],https://svoefermerstvo.ru/mery-podderzhki/543,,,unknown,needs_review,0
688,svoefermerstvo_federal,measure,Субсидия из областного бюджета на возмещение части затрат на приобретение комбикормов для содержания маточного поголовья крупного рогатого скота молочного направления на производство молока,,Субсидия,https://svoefermerstvo.ru/mery-podderzhki/550,Магаданской области,,,,no_deadline,[],https://svoefermerstvo.ru/mery-podderzhki/550,,,unknown,needs_review,0
689,svoefermerstvo_federal,measure,Предоставление субсидий субъектам малого и среднего предпринимательства области на возмещение части затрат на транспортировку продукции для организации экспортных поставок,,Субсидия,https://svoefermerstvo.ru/mery-podderzhki/553,Белгородской области,,,,no_deadline,[],https://svoefermerstvo.ru/mery-podderzhki/553,,,unknown,needs_review,0
690,svoefermerstvo_federal,measure,Субсидии на возмещение части затрат фермерского хозяйства,,Субсидия,https://svoefermerstvo.ru/mery-podderzhki/554,,,,,no_deadline,[],https://svoefermerstvo.ru/mery-podderzhki/554,,,unknown,needs_review,0
691,svoefermerstvo_federal,measure,"Субсидии на возмещение части затрат, связанных с оплатой труда и проживанием студентов",,Субсидия,https://svoefermerstvo.ru/mery-podderzhki/555,,,,,no_deadline,[],https://svoefermerstvo.ru/mery-podderzhki/555,,,unknown,needs_review,0
692,svoefermerstvo_federal,measure,Возмещение части затрат на уплату процентов по инвестиционным кредитам (займам) в агропромышленном комплексе,,Заём,https://svoefermerstvo.ru/mery-podderzhki/546,Липецкой области,,,,no_deadline,[],https://svoefermerstvo.ru/mery-podderzhki/546,,,all,needs_review,0
693,svoefermerstvo_federal,measure,Субсидии на возмещение части затрат на агролесомелиоративные и агрофитомелиоративные мероприятия,,Субсидия,https://svoefermerstvo.ru/mery-podderzhki/551,,,,,no_deadline,[],https://svoefermerstvo.ru/mery-podderzhki/551,,,unknown,needs_review,0
694,svoefermerstvo_federal,measure,На производство льна-долгунца и (или) технической конопли,,Иная поддержка,https://svoefermerstvo.ru/mery-podderzhki/552,,,,,no_deadline,[],https://svoefermerstvo.ru/mery-podderzhki/552,техническая конопля,,specific,needs_review,0
695,svoefermerstvo_federal,measure,Проведение агротехнологических работ в растениеводстве,,Иная поддержка,https://svoefermerstvo.ru/mery-podderzhki/556,,,,,no_deadline,[],https://svoefermerstvo.ru/mery-podderzhki/556,"зернобобовые, зерновые, масличные, растениеводство",,specific,needs_review,0
696,svoefermerstvo_federal,measure,Субсидии садоводческим и огородническим некоммерческим товариществам на развитие систем хозяйственно-бытового водоснабжения,,Субсидия,https://svoefermerstvo.ru/mery-podderzhki/557,,,,,no_deadline,[],https://svoefermerstvo.ru/mery-podderzhki/557,плодовые культуры,,specific,needs_review,0
697,svoefermerstvo_federal,measure,Субсидии юридическим лицам и индивидуальным предпринимателям на возмещение части затрат по привлечению специалистов в реализацию ключевых проектов в сфере агропромышленного комплекса,,Субсидия,https://svoefermerstvo.ru/mery-podderzhki/558,Новгородской области,,,,no_deadline,[],https://svoefermerstvo.ru/mery-podderzhki/558,,,unknown,needs_review,0
698,svoefermerstvo_federal,measure,"Субсидия из областного бюджета на возмещение части затрат по оплате электрической энергии, потребленной на производственные нужды",,Субсидия,https://svoefermerstvo.ru/mery-podderzhki/559,Магаданской области,,,,no_deadline,[],https://svoefermerstvo.ru/mery-podderzhki/559,"картофель, молочное скотоводство, овощи, ягоды",,specific,needs_review,0
699,svoefermerstvo_federal,measure,"Возмещение части затрат на приобретение сельскохозяйственной техники и оборудования, в том числе по договорам финансовой аренды (лизинга)",,Лизинг,https://svoefermerstvo.ru/mery-podderzhki/560,Костромской области,,,,no_deadline,[],https://svoefermerstvo.ru/mery-podderzhki/560,растениеводство,,specific,needs_review,0
700,svoefermerstvo_federal,measure,"Субсидии на финансовое обеспечение (возмещение) части затрат с/х товаропроизводителей на проведение проектных и изыскательных работ и (или) подготовкой ПСД на строительство, реконструкцию и техническое перевооружение оросительных систем",,Субсидия,https://svoefermerstvo.ru/mery-podderzhki/565,,,,,no_deadline,[],https://svoefermerstvo.ru/mery-podderzhki/565,,,unknown,needs_review,0
701,svoefermerstvo_federal,measure,"Возмещение части затрат, понесенных заказчиками комплексных научно-технических проектов в агропромышленном комплексе при их реализации, на 2026 год",,Компенсация,https://svoefermerstvo.ru/mery-podderzhki/564,Воронежской области,,,,no_deadline,[],https://svoefermerstvo.ru/mery-podderzhki/564,,,unknown,needs_review,0
702,svoefermerstvo_federal,measure,Поддержка селекционных мероприятий в племенном животноводстве (племенного маточного поголовья крупного рогатого скота в пересчете на условные головы),,Иная поддержка,https://svoefermerstvo.ru/mery-podderzhki/561,,,,,no_deadline,[],https://svoefermerstvo.ru/mery-podderzhki/561,племенное животноводство,,specific,needs_review,0
703,svoefermerstvo_federal,measure,Гранты в форме субсидий крестьянским (фермерским) хозяйствам и индивидуальным предпринимателям на развитие фермерского хозяйства,,Грант,https://svoefermerstvo.ru/mery-podderzhki/563,Новгородской области,,,,no_deadline,[],https://svoefermerstvo.ru/mery-podderzhki/563,,,unknown,needs_review,0
704,svoefermerstvo_federal,measure,"Субсидия на стимулирование развития производства сельскохозяйственных культур (повышение плодородия почв, вовлечение не использованных сельскохозяйственных угодий в сельскохозяйственный оборот)",,Субсидия,https://svoefermerstvo.ru/mery-podderzhki/566,,,,,no_deadline,[],https://svoefermerstvo.ru/mery-podderzhki/566,растениеводство,,specific,needs_review,0
705,svoefermerstvo_federal,measure,Проведение мелиоративных мероприятий (по направлению культуртехнические мероприятия),,Иная поддержка,https://svoefermerstvo.ru/mery-podderzhki/562,,,,,no_deadline,[],https://svoefermerstvo.ru/mery-podderzhki/562,,,all,needs_review,0
706,svoefermerstvo_federal,measure,Поддержка селекционных мероприятий в племенном животноводстве (племенного маточного поголовья сельскохозяйственных животных в пересчете на условные головы (за исключением племенного маточного поголовья крупного рогатого скота),,Иная поддержка,https://svoefermerstvo.ru/mery-podderzhki/572,,,,,no_deadline,[],https://svoefermerstvo.ru/mery-podderzhki/572,племенное животноводство,,specific,needs_review,0
707,svoefermerstvo_federal,measure,"Субсидии на финансовое обеспечение части затрат на проведение агротехнологических работ, повышение уровня экологической безопасностисельскохозяйственного производства, а также на повышение плодородия и качества почв (картофель)",,Субсидия,https://svoefermerstvo.ru/mery-podderzhki/568,Новгородской области,,,,no_deadline,[],https://svoefermerstvo.ru/mery-podderzhki/568,картофель,,specific,needs_review,0
708,svoefermerstvo_federal,measure,Приобретение семян кормовых культур,,Иная поддержка,https://svoefermerstvo.ru/mery-podderzhki/573,Сахалинской области,,,,no_deadline,[],https://svoefermerstvo.ru/mery-podderzhki/573,кормовые культуры,,specific,needs_review,0
709,svoefermerstvo_federal,measure,Производство картофеля,,Иная поддержка,https://svoefermerstvo.ru/mery-podderzhki/567,Сахалинской области,,,,no_deadline,[],https://svoefermerstvo.ru/mery-podderzhki/567,картофель,,specific,needs_review,0
710,svoefermerstvo_federal,measure,"Субсидия на возмещение части затрат, связанных с оплатой труда и проживанием студентов, привлеченных для прохождения практики или осуществляющих трудовую деятельность",,Субсидия,https://svoefermerstvo.ru/mery-podderzhki/571,Волгоградской области,,,,no_deadline,[],https://svoefermerstvo.ru/mery-podderzhki/571,,,unknown,needs_review,0
711,svoefermerstvo_federal,measure,Возмещение части затрат на проведение мелиоративных мероприятий (по направлению гидромелиоративные мероприятия),,Компенсация,https://svoefermerstvo.ru/mery-podderzhki/569,,,,,no_deadline,[],https://svoefermerstvo.ru/mery-podderzhki/569,,,unknown,needs_review,0
712,svoefermerstvo_federal,measure,Возмещение затрат сельскохозяйственным потребительским кооперативам (в том числе потребительским обществам) и агроагрегаторам,,Компенсация,https://svoefermerstvo.ru/mery-podderzhki/570,Белгородской области,,,,no_deadline,[],https://svoefermerstvo.ru/mery-podderzhki/570,,,unknown,needs_review,0
713,svoefermerstvo_federal,measure,Поддержка отдельных отраслей,,Иная поддержка,https://svoefermerstvo.ru/mery-podderzhki/574,,,,,no_deadline,[],https://svoefermerstvo.ru/mery-podderzhki/574,плодовые культуры,,specific,needs_review,0
714,svoefermerstvo_federal,measure,Поддержка сельскохозяйственного страхования в области растениеводства,,Иная поддержка,https://svoefermerstvo.ru/mery-podderzhki/576,,,,,no_deadline,[],https://svoefermerstvo.ru/mery-podderzhki/576,растениеводство,,specific,needs_review,0
715,svoefermerstvo_federal,measure,Оказание несвязанной поддержки в области картофелеводства,,Иная поддержка,https://svoefermerstvo.ru/mery-podderzhki/578,Сахалинской области,,,,no_deadline,[],https://svoefermerstvo.ru/mery-podderzhki/578,картофель,,specific,needs_review,0
716,svoefermerstvo_federal,measure,Стимулирование сохранения (увеличения) производства молока,,Иная поддержка,https://svoefermerstvo.ru/mery-podderzhki/577,Сахалинской области,,,,no_deadline,[],https://svoefermerstvo.ru/mery-podderzhki/577,молочное скотоводство,,specific,needs_review,0
717,svoefermerstvo_federal,measure,"Субсидии на возмещение части затрат на поддержку элитного семеноводства и (или) на приобретение семян, произведенных в рамках федеральной научно-технической программы",,Субсидия,https://svoefermerstvo.ru/mery-podderzhki/581,,,,,no_deadline,[],https://svoefermerstvo.ru/mery-podderzhki/581,семеноводство,"картофель, овощи",specific,needs_review,0
718,svoefermerstvo_federal,measure,Субсидии садоводческим и огородническим некоммерческим товариществам на развитие площадок для сбора и вывоза твердых коммунальных отходов,,Субсидия,https://svoefermerstvo.ru/mery-podderzhki/582,,,,,no_deadline,[],https://svoefermerstvo.ru/mery-podderzhki/582,плодовые культуры,,specific,needs_review,0
719,svoefermerstvo_federal,measure,"Субсидии на проведение агротехнологических работ, повышение уровня экологической безопасности сельскохозяйственного производства, а также на повышение плодородия и качества почв, занятых овощными культурами открытого грунта",,Субсидия,https://svoefermerstvo.ru/mery-podderzhki/580,Саратовской области,,,,no_deadline,[],https://svoefermerstvo.ru/mery-podderzhki/580,овощи,,specific,needs_review,0
720,svoefermerstvo_federal,measure,Субсидии на поддержку мероприятий в области мелиорации земель сельскохозяйственного назначения,,Субсидия,https://svoefermerstvo.ru/mery-podderzhki/579,Вологодской области,,,,no_deadline,[],https://svoefermerstvo.ru/mery-podderzhki/579,,,unknown,needs_review,0
721,svoefermerstvo_federal,measure,Возмещение затрат по уплаченным процентам по кредитам,,Компенсация,https://svoefermerstvo.ru/mery-podderzhki/575,Сахалинской области,,,,no_deadline,[],https://svoefermerstvo.ru/mery-podderzhki/575,,,unknown,needs_review,0
722,svoefermerstvo_federal,measure,Грант в форме субсидии на развитие крестьянских фермерских хозяйств,,Грант,https://svoefermerstvo.ru/mery-podderzhki/586,,,,,no_deadline,[],https://svoefermerstvo.ru/mery-podderzhki/586,,,unknown,needs_review,0
723,svoefermerstvo_federal,measure,"Приобретение и внесение минеральных удобрений, побочных продуктов животноводства, включая торфокомпосты",,Иная поддержка,https://svoefermerstvo.ru/mery-podderzhki/587,Сахалинской области,,,,no_deadline,[],https://svoefermerstvo.ru/mery-podderzhki/587,животноводство,,specific,needs_review,0
724,svoefermerstvo_federal,measure,Субсидии в целях возмещения части затрат на производство реализованного и (или) отгруженного на собственную переработку молока,,Субсидия,https://svoefermerstvo.ru/mery-podderzhki/583,,,,,no_deadline,[],https://svoefermerstvo.ru/mery-podderzhki/583,молочное скотоводство,,specific,needs_review,0
725,svoefermerstvo_federal,measure,"Стимулирование увеличения производства картофеля и овощей (произведено картофеля открытого грунта в СХО, КФХ и ИП)",,Иная поддержка,https://svoefermerstvo.ru/mery-podderzhki/584,,,,,no_deadline,[],https://svoefermerstvo.ru/mery-podderzhki/584,"картофель, овощи",,specific,needs_review,0
726,svoefermerstvo_federal,measure,"Субсидии гражданам, ведущим личное подсобное хозяйство, на возмещение части затрат на содержание дойных коров, козоматок и козочек старше одного года",,Субсидия,https://svoefermerstvo.ru/mery-podderzhki/585,,,,,no_deadline,[],https://svoefermerstvo.ru/mery-podderzhki/585,,,unknown,needs_review,0
727,svoefermerstvo_federal,measure,Субсидия из областного бюджета на возмещение части затрат на приобретение комбикормов для содержания поголовья кур-несушек на производство яиц,,Субсидия,https://svoefermerstvo.ru/mery-podderzhki/590,Магаданской области,,,,no_deadline,[],https://svoefermerstvo.ru/mery-podderzhki/590,птицеводство,,specific,needs_review,0
728,svoefermerstvo_federal,measure,Субсидия на обеспечение деятельности центра компетенции в сфере сельскохозяйственной кооперации,,Субсидия,https://svoefermerstvo.ru/mery-podderzhki/589,Сахалинской области,,,,no_deadline,[],https://svoefermerstvo.ru/mery-podderzhki/589,,,unknown,needs_review,0
729,svoefermerstvo_federal,measure,Грант на развитие фермерского хозяйства,,Грант,https://svoefermerstvo.ru/mery-podderzhki/588,Мурманской области,,,,no_deadline,[],https://svoefermerstvo.ru/mery-podderzhki/588,,,unknown,needs_review,0
730,svoefermerstvo_federal,measure,Возмещение части затрат на уплату страховых премий по договорам сельскохозяйственного страхования,,Компенсация,https://svoefermerstvo.ru/mery-podderzhki/596,Костромской области,,,,no_deadline,[],https://svoefermerstvo.ru/mery-podderzhki/596,,,all,needs_review,0
731,svoefermerstvo_federal,measure,"На возмещение части затрат на уплату страховой премии, начисленной по договору сельскохозяйственного страхования в области растениеводства",,Компенсация,https://svoefermerstvo.ru/mery-podderzhki/592,,,,,no_deadline,[],https://svoefermerstvo.ru/mery-podderzhki/592,растениеводство,,specific,needs_review,0
732,svoefermerstvo_federal,measure,Субсидии на возмещение части затрат на поддержку производства овощей открытого грунта,,Субсидия,https://svoefermerstvo.ru/mery-podderzhki/595,Рязанской области,,,,no_deadline,[],https://svoefermerstvo.ru/mery-podderzhki/595,овощи,,specific,needs_review,0
733,svoefermerstvo_federal,measure,Субсидии на развитие фермерского хозяйства,,Субсидия,https://svoefermerstvo.ru/mery-podderzhki/593,Вологодской области,,,,no_deadline,[],https://svoefermerstvo.ru/mery-podderzhki/593,,,unknown,needs_review,0
734,svoefermerstvo_federal,measure,Субсидия на поддержку производства картофеля,,Субсидия,https://svoefermerstvo.ru/mery-podderzhki/594,Астраханской области,,,,no_deadline,[],https://svoefermerstvo.ru/mery-podderzhki/594,картофель,,specific,needs_review,0
735,svoefermerstvo_federal,measure,Стимулирование увеличения производства картофеля и овощей,,Иная поддержка,https://svoefermerstvo.ru/mery-podderzhki/597,,,,,no_deadline,[],https://svoefermerstvo.ru/mery-podderzhki/597,"картофель, овощи",,specific,needs_review,0
736,svoefermerstvo_federal,measure,Возмещение фактически понесенных затрат по предоставлению выплат стимулирующего характера специалистам-участникам ключевых проектов в сфере агропромышленного комплекса,,Компенсация,https://svoefermerstvo.ru/mery-podderzhki/591,Вологодской области,,,,no_deadline,[],https://svoefermerstvo.ru/mery-podderzhki/591,,,all,needs_review,0
737,svoefermerstvo_federal,measure,Субсидии на возмещение части затрат на гидромелиоративные мероприятия,,Субсидия,https://svoefermerstvo.ru/mery-podderzhki/600,,,,,no_deadline,[],https://svoefermerstvo.ru/mery-podderzhki/600,,,unknown,needs_review,0
738,svoefermerstvo_federal,measure,"Субсидии на поддержку переработки молока сырого крупного рогатого скота, козьего и овечьего на пищевую продукцию",,Субсидия,https://svoefermerstvo.ru/mery-podderzhki/601,Рязанской области,,,,no_deadline,[],https://svoefermerstvo.ru/mery-podderzhki/601,переработка молока,,specific,needs_review,0
739,svoefermerstvo_federal,measure,Поддержка приоритетных направлений малого агробизнеса,,Иная поддержка,https://svoefermerstvo.ru/mery-podderzhki/603,,,,,no_deadline,[],https://svoefermerstvo.ru/mery-podderzhki/603,,,unknown,needs_review,0
740,svoefermerstvo_federal,measure,Субсидии на поддержку элитного семеноводства,,Субсидия,https://svoefermerstvo.ru/mery-podderzhki/604,Саратовской области,,,,no_deadline,[],https://svoefermerstvo.ru/mery-podderzhki/604,семеноводство,,specific,needs_review,0
741,svoefermerstvo_federal,measure,Субсидии на возмещение части затрат на культуртехнические мероприятия,,Субсидия,https://svoefermerstvo.ru/mery-podderzhki/605,,,,,no_deadline,[],https://svoefermerstvo.ru/mery-podderzhki/605,,,unknown,needs_review,0
742,svoefermerstvo_federal,measure,"1. Субсидия на возмещение затрат на производство овощей закрытого грунта гражданам, ведущим ЛПХ и применяющим специальный налоговый режим ""НПД""; 2. Реконструкцию и (или) модернизацию теплиц производителям овощей закрытого грунта",,Субсидия,https://svoefermerstvo.ru/mery-podderzhki/606,Белгородской области,,,,no_deadline,[],https://svoefermerstvo.ru/mery-podderzhki/606,"овощи, тепличное хозяйство",,specific,needs_review,0
743,svoefermerstvo_federal,measure,Субсидия из областного бюджета на финансовое обеспечение (возмещение) части затрат на приобретение дизельного топлива для заготовки сена с естественных сенокосов и из многолетних трав,,Субсидия,https://svoefermerstvo.ru/mery-podderzhki/599,Магаданской области,,,,no_deadline,[],https://svoefermerstvo.ru/mery-podderzhki/599,кормовые культуры,,specific,needs_review,0
744,svoefermerstvo_federal,measure,"Приобретение тепличными предприятиями энергоносителей (технологического газа, тепловой энергии, твердого топлива (угля))",,Иная поддержка,https://svoefermerstvo.ru/mery-podderzhki/602,Сахалинской области,,,,no_deadline,[],https://svoefermerstvo.ru/mery-podderzhki/602,,,unknown,needs_review,0
745,svoefermerstvo_federal,measure,Субсидия на мероприятия по повышению почвенного плодородия,,Субсидия,https://svoefermerstvo.ru/mery-podderzhki/598,,,,,no_deadline,[],https://svoefermerstvo.ru/mery-podderzhki/598,,,unknown,needs_review,0
746,svoefermerstvo_federal,measure,Субсидия из областного бюджета на возмещение части затрат на приобретение комбикормов для содержания поголовья свиней и крупного рогатого скота мясного направления на убой для производства скота на убой (в живом весе),,Субсидия,https://svoefermerstvo.ru/mery-podderzhki/612,Магаданской области,,,,no_deadline,[],https://svoefermerstvo.ru/mery-podderzhki/612,свиноводство,,specific,needs_review,0
747,svoefermerstvo_federal,measure,Субсидия на развитие технологий воспроизводства сельскохозяйственных животных,,Субсидия,https://svoefermerstvo.ru/mery-podderzhki/613,,,,,no_deadline,[],https://svoefermerstvo.ru/mery-podderzhki/613,,,unknown,needs_review,0
748,svoefermerstvo_federal,measure,Cтимулирование развития производства продукции животноводства (производство мяса),,Иная поддержка,https://svoefermerstvo.ru/mery-podderzhki/609,Сахалинской области,,,,no_deadline,[],https://svoefermerstvo.ru/mery-podderzhki/609,"животноводство, птицеводство, свиноводство",,specific,needs_review,0
749,svoefermerstvo_federal,measure,"Предоставление субсидии на финансовое обеспечение затрат, связанных с проведением ежегодного конкурса профессионального мастерства на звание 'Лучший ветеринарный специалист Самарской области'",,Субсидия,https://svoefermerstvo.ru/mery-podderzhki/608,,,,,no_deadline,[],https://svoefermerstvo.ru/mery-podderzhki/608,,,unknown,needs_review,0
750,svoefermerstvo_federal,measure,"Субсидия в целях возмещения части затрат, связанных с оплатой труда и проживанием обучающихся",,Субсидия,https://svoefermerstvo.ru/mery-podderzhki/614,,,,,no_deadline,[],https://svoefermerstvo.ru/mery-podderzhki/614,,,unknown,needs_review,0
751,svoefermerstvo_federal,measure,"Субсидия на возмещение части затрат на уплату страховой премии, начисленной по договору сельскохозяйственного страхования в области животноводства",,Субсидия,https://svoefermerstvo.ru/mery-podderzhki/607,Волгоградской области,,,,no_deadline,[],https://svoefermerstvo.ru/mery-podderzhki/607,животноводство,,specific,needs_review,0
752,svoefermerstvo_federal,measure,"Поддержка проектов фермерских хозяйств, в том числе созданных участниками и ветеранами специальной военной операции",,Иная поддержка,https://svoefermerstvo.ru/mery-podderzhki/610,Белгородской области,,,,no_deadline,[],https://svoefermerstvo.ru/mery-podderzhki/610,,,all,needs_review,0
753,svoefermerstvo_federal,measure,Субсидии в целях возмещения части затрат на содержание племенного маточного поголовья сельскохозяйственных животных,,Субсидия,https://svoefermerstvo.ru/mery-podderzhki/611,,,,,no_deadline,[],https://svoefermerstvo.ru/mery-podderzhki/611,,,unknown,needs_review,0
754,svoefermerstvo_federal,measure,"Субсидии на проведение агротехнологических работ, повышение уровня экологической безопасности сельскохозяйственного производства, а также на повышение плодородия и качества почв, занятых картофелем",,Субсидия,https://svoefermerstvo.ru/mery-podderzhki/615,Саратовской области,,,,no_deadline,[],https://svoefermerstvo.ru/mery-podderzhki/615,картофель,,specific,needs_review,0
755,svoefermerstvo_federal,measure,"Субсидии с/х заготовительно-потребительским кооперативам, заготовительным организациям и предприятиям потребительской кооперации на возмещение части затрат по закупке мяса, шерсти и кожевенного сырья в личных подсобных хозяйствах населения",,Субсидия,https://svoefermerstvo.ru/mery-podderzhki/619,,,,,no_deadline,[],https://svoefermerstvo.ru/mery-podderzhki/619,,,unknown,needs_review,0
756,svoefermerstvo_federal,measure,На поддержку производства льна-долгунца и (или) технической конопли,,Иная поддержка,https://svoefermerstvo.ru/mery-podderzhki/617,,,,,no_deadline,[],https://svoefermerstvo.ru/mery-podderzhki/617,"лён, техническая конопля",,specific,needs_review,0
757,svoefermerstvo_federal,measure,Субсидии на возмещение части понесенных затрат фермерских хозяйств,,Субсидия,https://svoefermerstvo.ru/mery-podderzhki/622,,,,,no_deadline,[],https://svoefermerstvo.ru/mery-podderzhki/622,,,unknown,needs_review,0
758,svoefermerstvo_federal,measure,Возмещение части затрат на уплату процентов по инвестиционным кредитам (займам) в агропромышленном комплексе,,Заём,https://svoefermerstvo.ru/mery-podderzhki/621,Воронежской области,,,,no_deadline,[],https://svoefermerstvo.ru/mery-podderzhki/621,,,all,needs_review,0
759,svoefermerstvo_federal,measure,"Предоставление грантов на реализацию программ садоводческим, огородническим некоммерческим товариществам",,Грант,https://svoefermerstvo.ru/mery-podderzhki/624,,,,,no_deadline,[],https://svoefermerstvo.ru/mery-podderzhki/624,плодовые культуры,,specific,needs_review,0
760,svoefermerstvo_federal,measure,Грант на развитие сельскохозяйственного потребительского кооператива,,Грант,https://svoefermerstvo.ru/mery-podderzhki/616,Белгородской области,,,,no_deadline,[],https://svoefermerstvo.ru/mery-podderzhki/616,,,unknown,needs_review,0
761,svoefermerstvo_federal,measure,Грант на развитие фермерского хозяйства,,Грант,https://svoefermerstvo.ru/mery-podderzhki/620,,,,,no_deadline,[],https://svoefermerstvo.ru/mery-podderzhki/620,,,unknown,needs_review,0
762,svoefermerstvo_federal,measure,Возмещение части затрат на развитие переработки сельскохозяйственной продукции,,Компенсация,https://svoefermerstvo.ru/mery-podderzhki/623,,,,,no_deadline,[],https://svoefermerstvo.ru/mery-podderzhki/623,переработка сельхозпродукции,,specific,needs_review,0
763,svoefermerstvo_federal,measure,"Стимулирование увеличения производства картофеля и овощей (приобретение оригинальных семян картофеля, элитных семян картофеля, семян картофеля I репродукции)",,Иная поддержка,https://svoefermerstvo.ru/mery-podderzhki/618,Сахалинской области,,,,no_deadline,[],https://svoefermerstvo.ru/mery-podderzhki/618,"картофель, овощи",,specific,needs_review,0
764,svoefermerstvo_federal,measure,Гранты в форме субсидий сельскохозяйственным потребительским кооперативам на развитие сельскохозяйственного потребительского кооператива,,Грант,https://svoefermerstvo.ru/mery-podderzhki/631,Новгородской области,,,,no_deadline,[],https://svoefermerstvo.ru/mery-podderzhki/631,,,unknown,needs_review,0
765,svoefermerstvo_federal,measure,"Субсидии на поддержку производства овощей защищенного грунта, выращенных с применением технологии досвечивания",,Субсидия,https://svoefermerstvo.ru/mery-podderzhki/626,Саратовской области,,,,no_deadline,[],https://svoefermerstvo.ru/mery-podderzhki/626,тепличное хозяйство,,specific,needs_review,0
766,svoefermerstvo_federal,measure,Стимулирование развития производства продукции животноводства (производство яйца),,Иная поддержка,https://svoefermerstvo.ru/mery-podderzhki/627,Сахалинской области,,,,no_deadline,[],https://svoefermerstvo.ru/mery-podderzhki/627,"пищевые яйца, птицеводство",,specific,needs_review,0
767,svoefermerstvo_federal,measure,"Субсидии из областного бюджета Ульяновской области в целях возмещения части затрат, связанных с уплатой страховых премий, начисленным по договорам сельскохозяйственного страхования в области растениеводства",,Субсидия,https://svoefermerstvo.ru/mery-podderzhki/632,Ульяновской области,,,,no_deadline,[],https://svoefermerstvo.ru/mery-podderzhki/632,растениеводство,,specific,needs_review,0
768,svoefermerstvo_federal,measure,Оказание несвязанной поддержки в области овощеводства,,Иная поддержка,https://svoefermerstvo.ru/mery-podderzhki/628,Сахалинской области,,,,no_deadline,[],https://svoefermerstvo.ru/mery-podderzhki/628,овощи,,specific,needs_review,0
769,svoefermerstvo_federal,measure,Производство овощей открытого грунта,,Иная поддержка,https://svoefermerstvo.ru/mery-podderzhki/633,Сахалинской области,,,,no_deadline,[],https://svoefermerstvo.ru/mery-podderzhki/633,овощи,,specific,needs_review,0
770,svoefermerstvo_federal,measure,"Субсидии на возмещение затрат фермерских хозяйств, в том числе на организацию малой сельской пекарни",,Субсидия,https://svoefermerstvo.ru/mery-podderzhki/629,Белгородской области,,,,no_deadline,[],https://svoefermerstvo.ru/mery-podderzhki/629,,,unknown,needs_review,0
771,svoefermerstvo_federal,measure,"Субсидия на поддержку перепрофилирования свиноводческих хозяйств, имеющих низкий уровень биологической защиты (I и II компартменты), на альтернативные виды деятельности",,Субсидия,https://svoefermerstvo.ru/mery-podderzhki/630,Вологодской области,,,,no_deadline,[],https://svoefermerstvo.ru/mery-podderzhki/630,свиноводство,,specific,needs_review,0
772,svoefermerstvo_federal,measure,Поддержка элитного семеноводства,,Иная поддержка,https://svoefermerstvo.ru/mery-podderzhki/634,,,,,no_deadline,[],https://svoefermerstvo.ru/mery-podderzhki/634,семеноводство,,specific,needs_review,0
773,svoefermerstvo_federal,measure,Возмещение части затрат по ученическим договорам и договорам о целевом обучении,,Компенсация,https://svoefermerstvo.ru/mery-podderzhki/635,Свердловской области,,,,no_deadline,[],https://svoefermerstvo.ru/mery-podderzhki/635,,,unknown,needs_review,0
774,svoefermerstvo_federal,measure,Поддержка малых форм хозяйствования (закупка молока у населения для целей перерабатывающих производств),,Иная поддержка,https://svoefermerstvo.ru/mery-podderzhki/625,Сахалинской области,,,,no_deadline,[],https://svoefermerstvo.ru/mery-podderzhki/625,,,unknown,needs_review,0
775,svoefermerstvo_federal,measure,Государственная поддержка сельскохозяйственных товаропроизводителей в целях увеличения производства элитных семян картофеля,,Иная поддержка,https://svoefermerstvo.ru/mery-podderzhki/643,,,,,no_deadline,[],https://svoefermerstvo.ru/mery-podderzhki/643,семеноводство,,specific,needs_review,0
776,svoefermerstvo_federal,measure,"Возмещение затрат, связанных с привлечением обучающихся для прохождения практики и осуществления трудовой деятельности к сельскохозяйственным товаропроизводителям и организациям, осуществляющим переработку сельскохозяйственной продукции",,Компенсация,https://svoefermerstvo.ru/mery-podderzhki/644,,,,,no_deadline,[],https://svoefermerstvo.ru/mery-podderzhki/644,,,all,needs_review,0
777,svoefermerstvo_federal,measure,Грант на развитие фермерского хозяйства и грант на развитие сельскохозяйственного потребительского кооператива,,Грант,https://svoefermerstvo.ru/mery-podderzhki/637,,,,,no_deadline,[],https://svoefermerstvo.ru/mery-podderzhki/637,,,unknown,needs_review,0
778,svoefermerstvo_federal,measure,Субсидии на развитие прочих отраслей животноводства,,Субсидия,https://svoefermerstvo.ru/mery-podderzhki/640,,,,,no_deadline,[],https://svoefermerstvo.ru/mery-podderzhki/640,"животноводство, рыбоводство, свиноводство",,specific,needs_review,0
779,svoefermerstvo_federal,measure,Субсидии на возмещение части затрат сельскохозяйственных товаропроизводителей на уплату страховых премий по договорам сельскохозяйственного страхования,,Субсидия,https://svoefermerstvo.ru/mery-podderzhki/642,Ярославской области,,,,no_deadline,[],https://svoefermerstvo.ru/mery-podderzhki/642,,,unknown,needs_review,0
780,svoefermerstvo_federal,measure,Субсидии на возмещение части затрат на проведение мелиоративных мероприятий,,Субсидия,https://svoefermerstvo.ru/mery-podderzhki/641,Ярославской области,,,,no_deadline,[],https://svoefermerstvo.ru/mery-podderzhki/641,,,unknown,needs_review,0
781,svoefermerstvo_federal,measure,Поддержка производства продукции плодово-ягодных насаждений,,Иная поддержка,https://svoefermerstvo.ru/mery-podderzhki/638,Воронежской области,,,,no_deadline,[],https://svoefermerstvo.ru/mery-podderzhki/638,"плодовые культуры, ягоды",,specific,needs_review,0
782,svoefermerstvo_federal,measure,Субсидия на возмещение части затрат на уплату процентов по инвестиционным кредитам (займам) в агропромышленном комплексе,,Субсидия,https://svoefermerstvo.ru/mery-podderzhki/636,Ростовской области,,,,no_deadline,[],https://svoefermerstvo.ru/mery-podderzhki/636,,,all,needs_review,0
783,svoefermerstvo_federal,measure,Субсидии на проведения гидромелиоративных мероприятий,,Субсидия,https://svoefermerstvo.ru/mery-podderzhki/639,,,,,no_deadline,[],https://svoefermerstvo.ru/mery-podderzhki/639,,,unknown,needs_review,0
784,svoefermerstvo_federal,measure,"Субсидии на уплату страховых премий, начисленных по договорам сельскохозяйственного страхования на случай утраты (гибели) урожая сельскохозяйственной культуры, посадок многолетних насаждений",,Субсидия,https://svoefermerstvo.ru/mery-podderzhki/645,Омской области,,,,no_deadline,[],https://svoefermerstvo.ru/mery-podderzhki/645,растениеводство,,specific,needs_review,0
785,svoefermerstvo_federal,measure,Субсидии на возмещение части затрат на стимулирование увеличения производства картофеля и овощей,,Субсидия,https://svoefermerstvo.ru/mery-podderzhki/646,Омской области,,,,no_deadline,[],https://svoefermerstvo.ru/mery-podderzhki/646,"картофель, овощи",,specific,needs_review,0
786,svoefermerstvo_federal,measure,Грант на развитие малой сельской пекарни,,Грант,https://svoefermerstvo.ru/mery-podderzhki/419,,,,,no_deadline,[],https://svoefermerstvo.ru/mery-podderzhki/419,,,unknown,needs_review,0
